datestr,daten,SP500
2012-04-02,02apr2012,1419.04
2012-04-03,03apr2012,1413.38
2012-04-04,04apr2012,1398.96
2012-04-05,05apr2012,1398.08
2012-04-06,06apr2012,
2012-04-09,09apr2012,1382.2
2012-04-10,10apr2012,1358.59
2012-04-11,11apr2012,1368.71
2012-04-12,12apr2012,1387.5699
2012-04-13,13apr2012,1370.26
2012-04-16,16apr2012,1369.5699
2012-04-17,17apr2012,1390.78
2012-04-18,18apr2012,1385.14
2012-04-19,19apr2012,1376.92
2012-04-20,20apr2012,1378.53
2012-04-23,23apr2012,1366.9399
2012-04-24,24apr2012,1371.97
2012-04-25,25apr2012,1390.6899
2012-04-26,26apr2012,1399.98
2012-04-27,27apr2012,1403.36
2012-04-30,30apr2012,1397.91
2012-05-01,01may2012,1405.8199
2012-05-02,02may2012,1402.3101
2012-05-03,03may2012,1391.5699
2012-05-04,04may2012,1369.1
2012-05-07,07may2012,1369.58
2012-05-08,08may2012,1363.72
2012-05-09,09may2012,1354.58
2012-05-10,10may2012,1357.99
2012-05-11,11may2012,1353.39
2012-05-14,14may2012,1338.35
2012-05-15,15may2012,1330.66
2012-05-16,16may2012,1324.8
2012-05-17,17may2012,1304.86
2012-05-18,18may2012,1295.22
2012-05-21,21may2012,1315.99
2012-05-22,22may2012,1316.63
2012-05-23,23may2012,1318.86
2012-05-24,24may2012,1320.6801
2012-05-25,25may2012,1317.8199
2012-05-28,28may2012,
2012-05-29,29may2012,1332.42
2012-05-30,30may2012,1313.3199
2012-05-31,31may2012,1310.33
2012-06-01,01jun2012,1278.04
2012-06-04,04jun2012,1278.1801
2012-06-05,05jun2012,1285.5
2012-06-06,06jun2012,1315.13
2012-06-07,07jun2012,1314.99
2012-06-08,08jun2012,1325.66
2012-06-11,11jun2012,1308.9301
2012-06-12,12jun2012,1324.1801
2012-06-13,13jun2012,1314.88
2012-06-14,14jun2012,1329.1
2012-06-15,15jun2012,1342.84
2012-06-18,18jun2012,1344.78
2012-06-19,19jun2012,1357.98
2012-06-20,20jun2012,1355.6899
2012-06-21,21jun2012,1325.51
2012-06-22,22jun2012,1335.02
2012-06-25,25jun2012,1313.72
2012-06-26,26jun2012,1319.99
2012-06-27,27jun2012,1331.85
2012-06-28,28jun2012,1329.04
2012-06-29,29jun2012,1362.16
2012-07-02,02jul2012,1365.51
2012-07-03,03jul2012,1374.02
2012-07-04,04jul2012,
2012-07-05,05jul2012,1367.58
2012-07-06,06jul2012,1354.6801
2012-07-09,09jul2012,1352.46
2012-07-10,10jul2012,1341.47
2012-07-11,11jul2012,1341.45
2012-07-12,12jul2012,1334.76
2012-07-13,13jul2012,1356.78
2012-07-16,16jul2012,1353.64
2012-07-17,17jul2012,1363.67
2012-07-18,18jul2012,1372.78
2012-07-19,19jul2012,1376.51
2012-07-20,20jul2012,1362.66
2012-07-23,23jul2012,1350.52
2012-07-24,24jul2012,1338.3101
2012-07-25,25jul2012,1337.89
2012-07-26,26jul2012,1360.02
2012-07-27,27jul2012,1385.97
2012-07-30,30jul2012,1385.3
2012-07-31,31jul2012,1379.3199
2012-08-01,01aug2012,1375.14
2012-08-02,02aug2012,1365
2012-08-03,03aug2012,1390.99
2012-08-06,06aug2012,1394.23
2012-08-07,07aug2012,1401.35
2012-08-08,08aug2012,1402.22
2012-08-09,09aug2012,1402.8
2012-08-10,10aug2012,1405.87
2012-08-13,13aug2012,1404.11
2012-08-14,14aug2012,1403.9301
2012-08-15,15aug2012,1405.53
2012-08-16,16aug2012,1415.51
2012-08-17,17aug2012,1418.16
2012-08-20,20aug2012,1418.13
2012-08-21,21aug2012,1413.17
2012-08-22,22aug2012,1413.49
2012-08-23,23aug2012,1402.08
2012-08-24,24aug2012,1411.13
2012-08-27,27aug2012,1410.4399
2012-08-28,28aug2012,1409.3
2012-08-29,29aug2012,1410.49
2012-08-30,30aug2012,1399.48
2012-08-31,31aug2012,1406.58
2012-09-03,03sep2012,
2012-09-04,04sep2012,1404.9399
2012-09-05,05sep2012,1403.4399
2012-09-06,06sep2012,1432.12
2012-09-07,07sep2012,1437.92
2012-09-10,10sep2012,1429.08
2012-09-11,11sep2012,1433.5601
2012-09-12,12sep2012,1436.5601
2012-09-13,13sep2012,1459.99
2012-09-14,14sep2012,1465.77
2012-09-17,17sep2012,1461.1899
2012-09-18,18sep2012,1459.3199
2012-09-19,19sep2012,1461.05
2012-09-20,20sep2012,1460.26
2012-09-21,21sep2012,1460.15
2012-09-24,24sep2012,1456.89
2012-09-25,25sep2012,1441.59
2012-09-26,26sep2012,1433.3199
2012-09-27,27sep2012,1447.15
2012-09-28,28sep2012,1440.67
2012-10-01,01oct2012,1444.49
2012-10-02,02oct2012,1445.75
2012-10-03,03oct2012,1450.99
2012-10-04,04oct2012,1461.4
2012-10-05,05oct2012,1460.9301
2012-10-08,08oct2012,1455.88
2012-10-09,09oct2012,1441.48
2012-10-10,10oct2012,1432.5601
2012-10-11,11oct2012,1432.84
2012-10-12,12oct2012,1428.59
2012-10-15,15oct2012,1440.13
2012-10-16,16oct2012,1454.92
2012-10-17,17oct2012,1460.91
2012-10-18,18oct2012,1457.34
2012-10-19,19oct2012,1433.1899
2012-10-22,22oct2012,1433.8199
2012-10-23,23oct2012,1413.11
2012-10-24,24oct2012,1408.75
2012-10-25,25oct2012,1412.97
2012-10-26,26oct2012,1411.9399
2012-10-29,29oct2012,
2012-10-30,30oct2012,
2012-10-31,31oct2012,1412.16
2012-11-01,01nov2012,1427.59
2012-11-02,02nov2012,1414.2
2012-11-05,05nov2012,1417.26
2012-11-06,06nov2012,1428.39
2012-11-07,07nov2012,1394.53
2012-11-08,08nov2012,1377.51
2012-11-09,09nov2012,1379.85
2012-11-12,12nov2012,1380.03
2012-11-13,13nov2012,1374.53
2012-11-14,14nov2012,1355.49
2012-11-15,15nov2012,1353.33
2012-11-16,16nov2012,1359.88
2012-11-19,19nov2012,1386.89
2012-11-20,20nov2012,1387.8101
2012-11-21,21nov2012,1391.03
2012-11-22,22nov2012,
2012-11-23,23nov2012,1409.15
2012-11-26,26nov2012,1406.29
2012-11-27,27nov2012,1398.9399
2012-11-28,28nov2012,1409.9301
2012-11-29,29nov2012,1415.95
2012-11-30,30nov2012,1416.1801
2012-12-03,03dec2012,1409.46
2012-12-04,04dec2012,1407.05
2012-12-05,05dec2012,1409.28
2012-12-06,06dec2012,1413.9399
2012-12-07,07dec2012,1418.0699
2012-12-10,10dec2012,1418.55
2012-12-11,11dec2012,1427.84
2012-12-12,12dec2012,1428.48
2012-12-13,13dec2012,1419.45
2012-12-14,14dec2012,1413.58
2012-12-17,17dec2012,1430.36
2012-12-18,18dec2012,1446.79
2012-12-19,19dec2012,1435.8101
2012-12-20,20dec2012,1443.6899
2012-12-21,21dec2012,1430.15
2012-12-24,24dec2012,1426.66
2012-12-25,25dec2012,
2012-12-26,26dec2012,1419.83
2012-12-27,27dec2012,1418.1
2012-12-28,28dec2012,1402.4301
2012-12-31,31dec2012,1426.1899
2013-01-01,01jan2013,
2013-01-02,02jan2013,1462.42
2013-01-03,03jan2013,1459.37
2013-01-04,04jan2013,1466.47
2013-01-07,07jan2013,1461.89
2013-01-08,08jan2013,1457.15
2013-01-09,09jan2013,1461.02
2013-01-10,10jan2013,1472.12
2013-01-11,11jan2013,1472.05
2013-01-14,14jan2013,1470.6801
2013-01-15,15jan2013,1472.34
2013-01-16,16jan2013,1472.63
2013-01-17,17jan2013,1480.9399
2013-01-18,18jan2013,1485.98
2013-01-21,21jan2013,
2013-01-22,22jan2013,1492.5601
2013-01-23,23jan2013,1494.8101
2013-01-24,24jan2013,1494.8199
2013-01-25,25jan2013,1502.96
2013-01-28,28jan2013,1500.1801
2013-01-29,29jan2013,1507.84
2013-01-30,30jan2013,1501.96
2013-01-31,31jan2013,1498.11
2013-02-01,01feb2013,1513.17
2013-02-04,04feb2013,1495.71
2013-02-05,05feb2013,1511.29
2013-02-06,06feb2013,1512.12
2013-02-07,07feb2013,1509.39
2013-02-08,08feb2013,1517.9301
2013-02-11,11feb2013,1517.01
2013-02-12,12feb2013,1519.4301
2013-02-13,13feb2013,1520.33
2013-02-14,14feb2013,1521.38
2013-02-15,15feb2013,1519.79
2013-02-18,18feb2013,
2013-02-19,19feb2013,1530.9399
2013-02-20,20feb2013,1511.95
2013-02-21,21feb2013,1502.42
2013-02-22,22feb2013,1515.6
2013-02-25,25feb2013,1487.85
2013-02-26,26feb2013,1496.9399
2013-02-27,27feb2013,1515.99
2013-02-28,28feb2013,1514.6801
2013-03-01,01mar2013,1518.2
2013-03-04,04mar2013,1525.2
2013-03-05,05mar2013,1539.79
2013-03-06,06mar2013,1541.46
2013-03-07,07mar2013,1544.26
2013-03-08,08mar2013,1551.1801
2013-03-11,11mar2013,1556.22
2013-03-12,12mar2013,1552.48
2013-03-13,13mar2013,1554.52
2013-03-14,14mar2013,1563.23
2013-03-15,15mar2013,1560.7
2013-03-18,18mar2013,1552.1
2013-03-19,19mar2013,1548.34
2013-03-20,20mar2013,1558.71
2013-03-21,21mar2013,1545.8
2013-03-22,22mar2013,1556.89
2013-03-25,25mar2013,1551.6899
2013-03-26,26mar2013,1563.77
2013-03-27,27mar2013,1562.85
2013-03-28,28mar2013,1569.1899
2013-03-29,29mar2013,
2013-04-01,01apr2013,1562.17
2013-04-02,02apr2013,1570.25
2013-04-03,03apr2013,1553.6899
2013-04-04,04apr2013,1559.98
2013-04-05,05apr2013,1553.28
2013-04-08,08apr2013,1563.0699
2013-04-09,09apr2013,1568.61
2013-04-10,10apr2013,1587.73
2013-04-11,11apr2013,1593.37
2013-04-12,12apr2013,1588.85
2013-04-15,15apr2013,1552.36
2013-04-16,16apr2013,1574.5699
2013-04-17,17apr2013,1552.01
2013-04-18,18apr2013,1541.61
2013-04-19,19apr2013,1555.25
2013-04-22,22apr2013,1562.5
2013-04-23,23apr2013,1578.78
2013-04-24,24apr2013,1578.79
2013-04-25,25apr2013,1585.16
2013-04-26,26apr2013,1582.24
2013-04-29,29apr2013,1593.61
2013-04-30,30apr2013,1597.5699
2013-05-01,01may2013,1582.7
2013-05-02,02may2013,1597.59
2013-05-03,03may2013,1614.42
2013-05-06,06may2013,1617.5
2013-05-07,07may2013,1625.96
2013-05-08,08may2013,1632.6899
2013-05-09,09may2013,1626.67
2013-05-10,10may2013,1633.7
2013-05-13,13may2013,1633.77
2013-05-14,14may2013,1650.34
2013-05-15,15may2013,1658.78
2013-05-16,16may2013,1650.47
2013-05-17,17may2013,1667.47
2013-05-20,20may2013,1666.29
2013-05-21,21may2013,1669.16
2013-05-22,22may2013,1655.35
2013-05-23,23may2013,1650.51
2013-05-24,24may2013,1649.6
2013-05-27,27may2013,
2013-05-28,28may2013,1660.0601
2013-05-29,29may2013,1648.36
2013-05-30,30may2013,1654.41
2013-05-31,31may2013,1630.74
2013-06-03,03jun2013,1640.42
2013-06-04,04jun2013,1631.38
2013-06-05,05jun2013,1608.9
2013-06-06,06jun2013,1622.5601
2013-06-07,07jun2013,1643.38
2013-06-10,10jun2013,1642.8101
2013-06-11,11jun2013,1626.13
2013-06-12,12jun2013,1612.52
2013-06-13,13jun2013,1636.36
2013-06-14,14jun2013,1626.73
2013-06-17,17jun2013,1639.04
2013-06-18,18jun2013,1651.8101
2013-06-19,19jun2013,1628.9301
2013-06-20,20jun2013,1588.1899
2013-06-21,21jun2013,1592.4301
2013-06-24,24jun2013,1573.09
2013-06-25,25jun2013,1588.03
2013-06-26,26jun2013,1603.26
2013-06-27,27jun2013,1613.2
2013-06-28,28jun2013,1606.28
2013-07-01,01jul2013,1614.96
2013-07-02,02jul2013,1614.08
2013-07-03,03jul2013,1615.41
2013-07-04,04jul2013,
2013-07-05,05jul2013,1631.89
2013-07-08,08jul2013,1640.46
2013-07-09,09jul2013,1652.3199
2013-07-10,10jul2013,1652.62
2013-07-11,11jul2013,1675.02
2013-07-12,12jul2013,1680.1899
2013-07-15,15jul2013,1682.5
2013-07-16,16jul2013,1676.26
2013-07-17,17jul2013,1680.91
2013-07-18,18jul2013,1689.37
2013-07-19,19jul2013,1692.09
2013-07-22,22jul2013,1695.53
2013-07-23,23jul2013,1692.39
2013-07-24,24jul2013,1685.9399
2013-07-25,25jul2013,1690.25
2013-07-26,26jul2013,1691.65
2013-07-29,29jul2013,1685.33
2013-07-30,30jul2013,1685.96
2013-07-31,31jul2013,1685.73
2013-08-01,01aug2013,1706.87
2013-08-02,02aug2013,1709.67
2013-08-05,05aug2013,1707.14
2013-08-06,06aug2013,1697.37
2013-08-07,07aug2013,1690.91
2013-08-08,08aug2013,1697.48
2013-08-09,09aug2013,1691.42
2013-08-12,12aug2013,1689.47
2013-08-13,13aug2013,1694.16
2013-08-14,14aug2013,1685.39
2013-08-15,15aug2013,1661.3199
2013-08-16,16aug2013,1655.83
2013-08-19,19aug2013,1646.0601
2013-08-20,20aug2013,1652.35
2013-08-21,21aug2013,1642.8
2013-08-22,22aug2013,1656.96
2013-08-23,23aug2013,1663.5
2013-08-26,26aug2013,1656.78
2013-08-27,27aug2013,1630.48
2013-08-28,28aug2013,1634.96
2013-08-29,29aug2013,1638.17
2013-08-30,30aug2013,1632.97
2013-09-02,02sep2013,
2013-09-03,03sep2013,1639.77
2013-09-04,04sep2013,1653.08
2013-09-05,05sep2013,1655.08
2013-09-06,06sep2013,1655.17
2013-09-09,09sep2013,1671.71
2013-09-10,10sep2013,1683.99
2013-09-11,11sep2013,1689.13
2013-09-12,12sep2013,1683.42
2013-09-13,13sep2013,1687.99
2013-09-16,16sep2013,1697.6
2013-09-17,17sep2013,1704.76
2013-09-18,18sep2013,1725.52
2013-09-19,19sep2013,1722.34
2013-09-20,20sep2013,1709.91
2013-09-23,23sep2013,1701.84
2013-09-24,24sep2013,1697.42
2013-09-25,25sep2013,1692.77
2013-09-26,26sep2013,1698.67
2013-09-27,27sep2013,1691.75
2013-09-30,30sep2013,1681.55
2013-10-01,01oct2013,1695
2013-10-02,02oct2013,1693.87
2013-10-03,03oct2013,1678.66
2013-10-04,04oct2013,1690.5
2013-10-07,07oct2013,1676.12
2013-10-08,08oct2013,1655.45
2013-10-09,09oct2013,1656.4
2013-10-10,10oct2013,1692.5601
2013-10-11,11oct2013,1703.2
2013-10-14,14oct2013,1710.14
2013-10-15,15oct2013,1698.0601
2013-10-16,16oct2013,1721.54
2013-10-17,17oct2013,1733.15
2013-10-18,18oct2013,1744.5
2013-10-21,21oct2013,1744.66
2013-10-22,22oct2013,1754.67
2013-10-23,23oct2013,1746.38
2013-10-24,24oct2013,1752.0699
2013-10-25,25oct2013,1759.77
2013-10-28,28oct2013,1762.11
2013-10-29,29oct2013,1771.95
2013-10-30,30oct2013,1763.3101
2013-10-31,31oct2013,1756.54
2013-11-01,01nov2013,1761.64
2013-11-04,04nov2013,1767.9301
2013-11-05,05nov2013,1762.97
2013-11-06,06nov2013,1770.49
2013-11-07,07nov2013,1747.15
2013-11-08,08nov2013,1770.61
2013-11-11,11nov2013,1771.89
2013-11-12,12nov2013,1767.6899
2013-11-13,13nov2013,1782
2013-11-14,14nov2013,1790.62
2013-11-15,15nov2013,1798.1801
2013-11-18,18nov2013,1791.53
2013-11-19,19nov2013,1787.87
2013-11-20,20nov2013,1781.37
2013-11-21,21nov2013,1795.85
2013-11-22,22nov2013,1804.76
2013-11-25,25nov2013,1802.48
2013-11-26,26nov2013,1802.75
2013-11-27,27nov2013,1807.23
2013-11-28,28nov2013,
2013-11-29,29nov2013,1805.8101
2013-12-02,02dec2013,1800.9
2013-12-03,03dec2013,1795.15
2013-12-04,04dec2013,1792.8101
2013-12-05,05dec2013,1785.03
2013-12-06,06dec2013,1805.09
2013-12-09,09dec2013,1808.37
2013-12-10,10dec2013,1802.62
2013-12-11,11dec2013,1782.22
2013-12-12,12dec2013,1775.5
2013-12-13,13dec2013,1775.3199
2013-12-16,16dec2013,1786.54
2013-12-17,17dec2013,1781
2013-12-18,18dec2013,1810.65
2013-12-19,19dec2013,1809.6
2013-12-20,20dec2013,1818.3199
2013-12-23,23dec2013,1827.99
2013-12-24,24dec2013,1833.3199
2013-12-25,25dec2013,
2013-12-26,26dec2013,1842.02
2013-12-27,27dec2013,1841.4
2013-12-30,30dec2013,1841.0699
2013-12-31,31dec2013,1848.36
2014-01-01,01jan2014,
2014-01-02,02jan2014,1831.98
2014-01-03,03jan2014,1831.37
2014-01-06,06jan2014,1826.77
2014-01-07,07jan2014,1837.88
2014-01-08,08jan2014,1837.49
2014-01-09,09jan2014,1838.13
2014-01-10,10jan2014,1842.37
2014-01-13,13jan2014,1819.2
2014-01-14,14jan2014,1838.88
2014-01-15,15jan2014,1848.38
2014-01-16,16jan2014,1845.89
2014-01-17,17jan2014,1838.7
2014-01-20,20jan2014,
2014-01-21,21jan2014,1843.8
2014-01-22,22jan2014,1844.86
2014-01-23,23jan2014,1828.46
2014-01-24,24jan2014,1790.29
2014-01-27,27jan2014,1781.5601
2014-01-28,28jan2014,1792.5
2014-01-29,29jan2014,1774.2
2014-01-30,30jan2014,1794.1899
2014-01-31,31jan2014,1782.59
2014-02-03,03feb2014,1741.89
2014-02-04,04feb2014,1755.2
2014-02-05,05feb2014,1751.64
2014-02-06,06feb2014,1773.4301
2014-02-07,07feb2014,1797.02
2014-02-10,10feb2014,1799.84
2014-02-11,11feb2014,1819.75
2014-02-12,12feb2014,1819.26
2014-02-13,13feb2014,1829.83
2014-02-14,14feb2014,1838.63
2014-02-17,17feb2014,
2014-02-18,18feb2014,1840.76
2014-02-19,19feb2014,1828.75
2014-02-20,20feb2014,1839.78
2014-02-21,21feb2014,1836.25
2014-02-24,24feb2014,1847.61
2014-02-25,25feb2014,1845.12
2014-02-26,26feb2014,1845.16
2014-02-27,27feb2014,1854.29
2014-02-28,28feb2014,1859.45
2014-03-03,03mar2014,1845.73
2014-03-04,04mar2014,1873.91
2014-03-05,05mar2014,1873.8101
2014-03-06,06mar2014,1877.03
2014-03-07,07mar2014,1878.04
2014-03-10,10mar2014,1877.17
2014-03-11,11mar2014,1867.63
2014-03-12,12mar2014,1868.2
2014-03-13,13mar2014,1846.34
2014-03-14,14mar2014,1841.13
2014-03-17,17mar2014,1858.83
2014-03-18,18mar2014,1872.25
2014-03-19,19mar2014,1860.77
2014-03-20,20mar2014,1872.01
2014-03-21,21mar2014,1866.52
2014-03-24,24mar2014,1857.4399
2014-03-25,25mar2014,1865.62
2014-03-26,26mar2014,1852.5601
2014-03-27,27mar2014,1849.04
2014-03-28,28mar2014,1857.62
2014-03-31,31mar2014,1872.34
2014-04-01,01apr2014,1885.52
2014-04-02,02apr2014,1890.9
2014-04-03,03apr2014,1888.77
2014-04-04,04apr2014,1865.09
2014-04-07,07apr2014,1845.04
2014-04-08,08apr2014,1851.96
2014-04-09,09apr2014,1872.1801
2014-04-10,10apr2014,1833.08
2014-04-11,11apr2014,1815.6899
2014-04-14,14apr2014,1830.61
2014-04-15,15apr2014,1842.98
2014-04-16,16apr2014,1862.3101
2014-04-17,17apr2014,1864.85
2014-04-18,18apr2014,
2014-04-21,21apr2014,1871.89
2014-04-22,22apr2014,1879.55
2014-04-23,23apr2014,1875.39
2014-04-24,24apr2014,1878.61
2014-04-25,25apr2014,1863.4
2014-04-28,28apr2014,1869.4301
2014-04-29,29apr2014,1878.33
2014-04-30,30apr2014,1883.95
2014-05-01,01may2014,1883.6801
2014-05-02,02may2014,1881.14
2014-05-05,05may2014,1884.66
2014-05-06,06may2014,1867.72
2014-05-07,07may2014,1878.21
2014-05-08,08may2014,1875.63
2014-05-09,09may2014,1878.48
2014-05-12,12may2014,1896.65
2014-05-13,13may2014,1897.45
2014-05-14,14may2014,1888.53
2014-05-15,15may2014,1870.85
2014-05-16,16may2014,1877.86
2014-05-19,19may2014,1885.08
2014-05-20,20may2014,1872.83
2014-05-21,21may2014,1888.03
2014-05-22,22may2014,1892.49
2014-05-23,23may2014,1900.53
2014-05-26,26may2014,
2014-05-27,27may2014,1911.91
2014-05-28,28may2014,1909.78
2014-05-29,29may2014,1920.03
2014-05-30,30may2014,1923.5699
2014-06-02,02jun2014,1924.97
2014-06-03,03jun2014,1924.24
2014-06-04,04jun2014,1927.88
2014-06-05,05jun2014,1940.46
2014-06-06,06jun2014,1949.4399
2014-06-09,09jun2014,1951.27
2014-06-10,10jun2014,1950.79
2014-06-11,11jun2014,1943.89
2014-06-12,12jun2014,1930.11
2014-06-13,13jun2014,1936.16
2014-06-16,16jun2014,1937.78
2014-06-17,17jun2014,1941.99
2014-06-18,18jun2014,1956.98
2014-06-19,19jun2014,1959.48
2014-06-20,20jun2014,1962.87
2014-06-23,23jun2014,1962.61
2014-06-24,24jun2014,1949.98
2014-06-25,25jun2014,1959.53
2014-06-26,26jun2014,1957.22
2014-06-27,27jun2014,1960.96
2014-06-30,30jun2014,1960.23
2014-07-01,01jul2014,1973.3199
2014-07-02,02jul2014,1974.62
2014-07-03,03jul2014,1985.4399
2014-07-04,04jul2014,
2014-07-07,07jul2014,1977.65
2014-07-08,08jul2014,1963.71
2014-07-09,09jul2014,1972.83
2014-07-10,10jul2014,1964.6801
2014-07-11,11jul2014,1967.5699
2014-07-14,14jul2014,1977.1
2014-07-15,15jul2014,1973.28
2014-07-16,16jul2014,1981.5699
2014-07-17,17jul2014,1958.12
2014-07-18,18jul2014,1978.22
2014-07-21,21jul2014,1973.63
2014-07-22,22jul2014,1983.53
2014-07-23,23jul2014,1987.01
2014-07-24,24jul2014,1987.98
2014-07-25,25jul2014,1978.34
2014-07-28,28jul2014,1978.91
2014-07-29,29jul2014,1969.95
2014-07-30,30jul2014,1970.0699
2014-07-31,31jul2014,1930.67
2014-08-01,01aug2014,1925.15
2014-08-04,04aug2014,1938.99
2014-08-05,05aug2014,1920.21
2014-08-06,06aug2014,1920.24
2014-08-07,07aug2014,1909.5699
2014-08-08,08aug2014,1931.59
2014-08-11,11aug2014,1936.92
2014-08-12,12aug2014,1933.75
2014-08-13,13aug2014,1946.72
2014-08-14,14aug2014,1955.1801
2014-08-15,15aug2014,1955.0601
2014-08-18,18aug2014,1971.74
2014-08-19,19aug2014,1981.6
2014-08-20,20aug2014,1986.51
2014-08-21,21aug2014,1992.37
2014-08-22,22aug2014,1988.4
2014-08-25,25aug2014,1997.92
2014-08-26,26aug2014,2000.02
2014-08-27,27aug2014,2000.12
2014-08-28,28aug2014,1996.74
2014-08-29,29aug2014,2003.37
2014-09-01,01sep2014,
2014-09-02,02sep2014,2002.28
2014-09-03,03sep2014,2000.72
2014-09-04,04sep2014,1997.65
2014-09-05,05sep2014,2007.71
2014-09-08,08sep2014,2001.54
2014-09-09,09sep2014,1988.4399
2014-09-10,10sep2014,1995.6899
2014-09-11,11sep2014,1997.45
2014-09-12,12sep2014,1985.54
2014-09-15,15sep2014,1984.13
2014-09-16,16sep2014,1998.98
2014-09-17,17sep2014,2001.5699
2014-09-18,18sep2014,2011.36
2014-09-19,19sep2014,2010.4
2014-09-22,22sep2014,1994.29
2014-09-23,23sep2014,1982.77
2014-09-24,24sep2014,1998.3
2014-09-25,25sep2014,1965.99
2014-09-26,26sep2014,1982.85
2014-09-29,29sep2014,1977.8
2014-09-30,30sep2014,1972.29
2014-10-01,01oct2014,1946.16
2014-10-02,02oct2014,1946.17
2014-10-03,03oct2014,1967.9
2014-10-06,06oct2014,1964.8199
2014-10-07,07oct2014,1935.1
2014-10-08,08oct2014,1968.89
2014-10-09,09oct2014,1928.21
2014-10-10,10oct2014,1906.13
2014-10-13,13oct2014,1874.74
2014-10-14,14oct2014,1877.7
2014-10-15,15oct2014,1862.49
2014-10-16,16oct2014,1862.76
2014-10-17,17oct2014,1886.76
2014-10-20,20oct2014,1904.01
2014-10-21,21oct2014,1941.28
2014-10-22,22oct2014,1927.11
2014-10-23,23oct2014,1950.8199
2014-10-24,24oct2014,1964.58
2014-10-27,27oct2014,1961.63
2014-10-28,28oct2014,1985.05
2014-10-29,29oct2014,1982.3
2014-10-30,30oct2014,1994.65
2014-10-31,31oct2014,2018.05
2014-11-03,03nov2014,2017.8101
2014-11-04,04nov2014,2012.1
2014-11-05,05nov2014,2023.5699
2014-11-06,06nov2014,2031.21
2014-11-07,07nov2014,2031.92
2014-11-10,10nov2014,2038.26
2014-11-11,11nov2014,2039.6801
2014-11-12,12nov2014,2038.25
2014-11-13,13nov2014,2039.33
2014-11-14,14nov2014,2039.8199
2014-11-17,17nov2014,2041.3199
2014-11-18,18nov2014,2051.8
2014-11-19,19nov2014,2048.72
2014-11-20,20nov2014,2052.75
2014-11-21,21nov2014,2063.5
2014-11-24,24nov2014,2069.4099
2014-11-25,25nov2014,2067.03
2014-11-26,26nov2014,2072.8301
2014-11-27,27nov2014,
2014-11-28,28nov2014,2067.5601
2014-12-01,01dec2014,2053.4399
2014-12-02,02dec2014,2066.55
2014-12-03,03dec2014,2074.3301
2014-12-04,04dec2014,2071.9199
2014-12-05,05dec2014,2075.3701
2014-12-08,08dec2014,2060.3101
2014-12-09,09dec2014,2059.8201
2014-12-10,10dec2014,2026.14
2014-12-11,11dec2014,2035.33
2014-12-12,12dec2014,2002.33
2014-12-15,15dec2014,1989.63
2014-12-16,16dec2014,1972.74
2014-12-17,17dec2014,2012.89
2014-12-18,18dec2014,2061.23
2014-12-19,19dec2014,2070.6499
2014-12-22,22dec2014,2078.54
2014-12-23,23dec2014,2082.1699
2014-12-24,24dec2014,2081.8799
2014-12-25,25dec2014,
2014-12-26,26dec2014,2088.77
2014-12-29,29dec2014,2090.5701
2014-12-30,30dec2014,2080.3501
2014-12-31,31dec2014,2058.8999
2015-01-01,01jan2015,
2015-01-02,02jan2015,2058.2
2015-01-05,05jan2015,2020.58
2015-01-06,06jan2015,2002.61
2015-01-07,07jan2015,2025.9
2015-01-08,08jan2015,2062.1399
2015-01-09,09jan2015,2044.8101
2015-01-12,12jan2015,2028.26
2015-01-13,13jan2015,2023.03
2015-01-14,14jan2015,2011.27
2015-01-15,15jan2015,1992.67
2015-01-16,16jan2015,2019.42
2015-01-19,19jan2015,
2015-01-20,20jan2015,2022.55
2015-01-21,21jan2015,2032.12
2015-01-22,22jan2015,2063.1499
2015-01-23,23jan2015,2051.8201
2015-01-26,26jan2015,2057.0901
2015-01-27,27jan2015,2029.55
2015-01-28,28jan2015,2002.16
2015-01-29,29jan2015,2021.25
2015-01-30,30jan2015,1994.99
2015-02-02,02feb2015,2020.85
2015-02-03,03feb2015,2050.03
2015-02-04,04feb2015,2041.51
2015-02-05,05feb2015,2062.52
2015-02-06,06feb2015,2055.47
2015-02-09,09feb2015,2046.74
2015-02-10,10feb2015,2068.5901
2015-02-11,11feb2015,2068.53
2015-02-12,12feb2015,2088.48
2015-02-13,13feb2015,2096.99
2015-02-16,16feb2015,
2015-02-17,17feb2015,2100.3401
2015-02-18,18feb2015,2099.6799
2015-02-19,19feb2015,2097.45
2015-02-20,20feb2015,2110.3
2015-02-23,23feb2015,2109.6599
2015-02-24,24feb2015,2115.48
2015-02-25,25feb2015,2113.8601
2015-02-26,26feb2015,2110.74
2015-02-27,27feb2015,2104.5
2015-03-02,02mar2015,2117.3899
2015-03-03,03mar2015,2107.78
2015-03-04,04mar2015,2098.53
2015-03-05,05mar2015,2101.04
2015-03-06,06mar2015,2071.26
2015-03-09,09mar2015,2079.4299
2015-03-10,10mar2015,2044.16
2015-03-11,11mar2015,2040.24
2015-03-12,12mar2015,2065.95
2015-03-13,13mar2015,2053.3999
2015-03-16,16mar2015,2081.1899
2015-03-17,17mar2015,2074.28
2015-03-18,18mar2015,2099.5
2015-03-19,19mar2015,2089.27
2015-03-20,20mar2015,2108.1001
2015-03-23,23mar2015,2104.4199
2015-03-24,24mar2015,2091.5
2015-03-25,25mar2015,2061.05
2015-03-26,26mar2015,2056.1499
2015-03-27,27mar2015,2061.02
2015-03-30,30mar2015,2086.24
2015-03-31,31mar2015,2067.8899
2015-04-01,01apr2015,2059.6899
2015-04-02,02apr2015,2066.96
2015-04-03,03apr2015,
2015-04-06,06apr2015,2080.6201
2015-04-07,07apr2015,2076.3301
2015-04-08,08apr2015,2081.8999
2015-04-09,09apr2015,2091.1799
2015-04-10,10apr2015,2102.0601
2015-04-13,13apr2015,2092.4299
2015-04-14,14apr2015,2095.8401
2015-04-15,15apr2015,2106.6299
2015-04-16,16apr2015,2104.99
2015-04-17,17apr2015,2081.1799
2015-04-20,20apr2015,2100.3999
2015-04-21,21apr2015,2097.29
2015-04-22,22apr2015,2107.96
2015-04-23,23apr2015,2112.9299
2015-04-24,24apr2015,2117.6899
2015-04-27,27apr2015,2108.9199
2015-04-28,28apr2015,2114.76
2015-04-29,29apr2015,2106.8501
2015-04-30,30apr2015,2085.51
2015-05-01,01may2015,2108.29
2015-05-04,04may2015,2114.49
2015-05-05,05may2015,2089.46
2015-05-06,06may2015,2080.1499
2015-05-07,07may2015,2088
2015-05-08,08may2015,2116.1001
2015-05-11,11may2015,2105.3301
2015-05-12,12may2015,2099.1201
2015-05-13,13may2015,2098.48
2015-05-14,14may2015,2121.1001
2015-05-15,15may2015,2122.73
2015-05-18,18may2015,2129.2
2015-05-19,19may2015,2127.8301
2015-05-20,20may2015,2125.8501
2015-05-21,21may2015,2130.8201
2015-05-22,22may2015,2126.0601
2015-05-25,25may2015,
2015-05-26,26may2015,2104.2
2015-05-27,27may2015,2123.48
2015-05-28,28may2015,2120.79
2015-05-29,29may2015,2107.3899
2015-06-01,01jun2015,2111.73
2015-06-02,02jun2015,2109.6001
2015-06-03,03jun2015,2114.0701
2015-06-04,04jun2015,2095.8401
2015-06-05,05jun2015,2092.8301
2015-06-08,08jun2015,2079.28
2015-06-09,09jun2015,2080.1499
2015-06-10,10jun2015,2105.2
2015-06-11,11jun2015,2108.8601
2015-06-12,12jun2015,2094.1101
2015-06-15,15jun2015,2084.4299
2015-06-16,16jun2015,2096.29
2015-06-17,17jun2015,2100.4399
2015-06-18,18jun2015,2121.24
2015-06-19,19jun2015,2109.99
2015-06-22,22jun2015,2122.8501
2015-06-23,23jun2015,2124.2
2015-06-24,24jun2015,2108.5801
2015-06-25,25jun2015,2102.3101
2015-06-26,26jun2015,2101.49
2015-06-29,29jun2015,2057.6399
2015-06-30,30jun2015,2063.1101
2015-07-01,01jul2015,2077.4199
2015-07-02,02jul2015,2076.78
2015-07-03,03jul2015,
2015-07-06,06jul2015,2068.76
2015-07-07,07jul2015,2081.3401
2015-07-08,08jul2015,2046.6801
2015-07-09,09jul2015,2051.3101
2015-07-10,10jul2015,2076.6201
2015-07-13,13jul2015,2099.6001
2015-07-14,14jul2015,2108.95
2015-07-15,15jul2015,2107.3999
2015-07-16,16jul2015,2124.29
2015-07-17,17jul2015,2126.6399
2015-07-20,20jul2015,2128.28
2015-07-21,21jul2015,2119.21
2015-07-22,22jul2015,2114.1499
2015-07-23,23jul2015,2102.1499
2015-07-24,24jul2015,2079.6499
2015-07-27,27jul2015,2067.6399
2015-07-28,28jul2015,2093.25
2015-07-29,29jul2015,2108.5701
2015-07-30,30jul2015,2108.6299
2015-07-31,31jul2015,2103.8401
2015-08-03,03aug2015,2098.04
2015-08-04,04aug2015,2093.3201
2015-08-05,05aug2015,2099.8401
2015-08-06,06aug2015,2083.5601
2015-08-07,07aug2015,2077.5701
2015-08-10,10aug2015,2104.1799
2015-08-11,11aug2015,2084.0701
2015-08-12,12aug2015,2086.05
2015-08-13,13aug2015,2083.3899
2015-08-14,14aug2015,2091.54
2015-08-17,17aug2015,2102.4399
2015-08-18,18aug2015,2096.9199
2015-08-19,19aug2015,2079.6101
2015-08-20,20aug2015,2035.73
2015-08-21,21aug2015,1970.89
2015-08-24,24aug2015,1893.21
2015-08-25,25aug2015,1867.61
2015-08-26,26aug2015,1940.51
2015-08-27,27aug2015,1987.66
2015-08-28,28aug2015,1988.87
2015-08-31,31aug2015,1972.1801
2015-09-01,01sep2015,1913.85
2015-09-02,02sep2015,1948.86
2015-09-03,03sep2015,1951.13
2015-09-04,04sep2015,1921.22
2015-09-07,07sep2015,
2015-09-08,08sep2015,1969.41
2015-09-09,09sep2015,1942.04
2015-09-10,10sep2015,1952.29
2015-09-11,11sep2015,1961.05
2015-09-14,14sep2015,1953.03
2015-09-15,15sep2015,1978.09
2015-09-16,16sep2015,1995.3101
2015-09-17,17sep2015,1990.2
2015-09-18,18sep2015,1958.03
2015-09-21,21sep2015,1966.97
2015-09-22,22sep2015,1942.74
2015-09-23,23sep2015,1938.76
2015-09-24,24sep2015,1932.24
2015-09-25,25sep2015,1931.34
2015-09-28,28sep2015,1881.77
2015-09-29,29sep2015,1884.09
2015-09-30,30sep2015,1920.03
2015-10-01,01oct2015,1923.8199
2015-10-02,02oct2015,1951.36
2015-10-05,05oct2015,1987.05
2015-10-06,06oct2015,1979.92
2015-10-07,07oct2015,1995.83
2015-10-08,08oct2015,2013.4301
2015-10-09,09oct2015,2014.89
2015-10-12,12oct2015,2017.46
2015-10-13,13oct2015,2003.6899
2015-10-14,14oct2015,1994.24
2015-10-15,15oct2015,2023.86
2015-10-16,16oct2015,2033.11
2015-10-19,19oct2015,2033.66
2015-10-20,20oct2015,2030.77
2015-10-21,21oct2015,2018.9399
2015-10-22,22oct2015,2052.51
2015-10-23,23oct2015,2075.1499
2015-10-26,26oct2015,2071.1799
2015-10-27,27oct2015,2065.8899
2015-10-28,28oct2015,2090.3501
2015-10-29,29oct2015,2089.4099
2015-10-30,30oct2015,2079.3601
2015-11-02,02nov2015,2104.05
2015-11-03,03nov2015,2109.79
2015-11-04,04nov2015,2102.3101
2015-11-05,05nov2015,2099.9299
2015-11-06,06nov2015,2099.2
2015-11-09,09nov2015,2078.5801
2015-11-10,10nov2015,2081.72
2015-11-11,11nov2015,2075
2015-11-12,12nov2015,2045.97
2015-11-13,13nov2015,2023.04
2015-11-16,16nov2015,2053.1899
2015-11-17,17nov2015,2050.4399
2015-11-18,18nov2015,2083.5801
2015-11-19,19nov2015,2081.24
2015-11-20,20nov2015,2089.1699
2015-11-23,23nov2015,2086.5901
2015-11-24,24nov2015,2089.1399
2015-11-25,25nov2015,2088.8701
2015-11-26,26nov2015,
2015-11-27,27nov2015,2090.1101
2015-11-30,30nov2015,2080.4099
2015-12-01,01dec2015,2102.6299
2015-12-02,02dec2015,2079.51
2015-12-03,03dec2015,2049.6201
2015-12-04,04dec2015,2091.6899
2015-12-07,07dec2015,2077.0701
2015-12-08,08dec2015,2063.5901
2015-12-09,09dec2015,2047.62
2015-12-10,10dec2015,2052.23
2015-12-11,11dec2015,2012.37
2015-12-14,14dec2015,2021.9399
2015-12-15,15dec2015,2043.41
2015-12-16,16dec2015,2073.0701
2015-12-17,17dec2015,2041.89
2015-12-18,18dec2015,2005.55
2015-12-21,21dec2015,2021.15
2015-12-22,22dec2015,2038.97
2015-12-23,23dec2015,2064.29
2015-12-24,24dec2015,2060.99
2015-12-25,25dec2015,
2015-12-28,28dec2015,2056.5
2015-12-29,29dec2015,2078.3601
2015-12-30,30dec2015,2063.3601
2015-12-31,31dec2015,2043.9399
2016-01-01,01jan2016,
2016-01-04,04jan2016,2012.66
2016-01-05,05jan2016,2016.71
2016-01-06,06jan2016,1990.26
2016-01-07,07jan2016,1943.09
2016-01-08,08jan2016,1922.03
2016-01-11,11jan2016,1923.67
2016-01-12,12jan2016,1938.6801
2016-01-13,13jan2016,1890.28
2016-01-14,14jan2016,1921.84
2016-01-15,15jan2016,1880.33
2016-01-18,18jan2016,
2016-01-19,19jan2016,1881.33
2016-01-20,20jan2016,1859.33
2016-01-21,21jan2016,1868.99
2016-01-22,22jan2016,1906.9
2016-01-25,25jan2016,1877.08
2016-01-26,26jan2016,1903.63
2016-01-27,27jan2016,1882.95
2016-01-28,28jan2016,1893.36
2016-01-29,29jan2016,1940.24
2016-02-01,01feb2016,1939.38
2016-02-02,02feb2016,1903.03
2016-02-03,03feb2016,1912.53
2016-02-04,04feb2016,1915.45
2016-02-05,05feb2016,1880.05
2016-02-08,08feb2016,1853.4399
2016-02-09,09feb2016,1852.21
2016-02-10,10feb2016,1851.86
2016-02-11,11feb2016,1829.08
2016-02-12,12feb2016,1864.78
2016-02-15,15feb2016,
2016-02-16,16feb2016,1895.58
2016-02-17,17feb2016,1926.8199
2016-02-18,18feb2016,1917.83
2016-02-19,19feb2016,1917.78
2016-02-22,22feb2016,1945.5
2016-02-23,23feb2016,1921.27
2016-02-24,24feb2016,1929.8
2016-02-25,25feb2016,1951.7
2016-02-26,26feb2016,1948.05
2016-02-29,29feb2016,1932.23
2016-03-01,01mar2016,1978.35
2016-03-02,02mar2016,1986.45
2016-03-03,03mar2016,1993.4
2016-03-04,04mar2016,1999.99
2016-03-07,07mar2016,2001.76
2016-03-08,08mar2016,1979.26
2016-03-09,09mar2016,1989.26
2016-03-10,10mar2016,1989.5699
2016-03-11,11mar2016,2022.1899
2016-03-14,14mar2016,2019.64
2016-03-15,15mar2016,2015.9301
2016-03-16,16mar2016,2027.22
2016-03-17,17mar2016,2040.59
2016-03-18,18mar2016,2049.5801
2016-03-21,21mar2016,2051.6001
2016-03-22,22mar2016,2049.8
2016-03-23,23mar2016,2036.71
2016-03-24,24mar2016,2035.9399
2016-03-25,25mar2016,
2016-03-28,28mar2016,2037.05
2016-03-29,29mar2016,2055.01
2016-03-30,30mar2016,2063.95
2016-03-31,31mar2016,2059.74
2016-04-01,01apr2016,2072.78
2016-04-04,04apr2016,2066.1299
2016-04-05,05apr2016,2045.17
2016-04-06,06apr2016,2066.6599
2016-04-07,07apr2016,2041.91
2016-04-08,08apr2016,2047.6
2016-04-11,11apr2016,2041.99
2016-04-12,12apr2016,2061.72
2016-04-13,13apr2016,2082.4199
2016-04-14,14apr2016,2082.78
2016-04-15,15apr2016,2080.73
2016-04-18,18apr2016,2094.3401
2016-04-19,19apr2016,2100.8
2016-04-20,20apr2016,2102.3999
2016-04-21,21apr2016,2091.48
2016-04-22,22apr2016,2091.5801
2016-04-25,25apr2016,2087.79
2016-04-26,26apr2016,2091.7
2016-04-27,27apr2016,2095.1499
2016-04-28,28apr2016,2075.8101
2016-04-29,29apr2016,2065.3
2016-05-02,02may2016,2081.4299
2016-05-03,03may2016,2063.3701
2016-05-04,04may2016,2051.1201
2016-05-05,05may2016,2050.6299
2016-05-06,06may2016,2057.1399
2016-05-09,09may2016,2058.6899
2016-05-10,10may2016,2084.3899
2016-05-11,11may2016,2064.46
2016-05-12,12may2016,2064.1101
2016-05-13,13may2016,2046.61
2016-05-16,16may2016,2066.6599
2016-05-17,17may2016,2047.21
2016-05-18,18may2016,2047.63
2016-05-19,19may2016,2040.04
2016-05-20,20may2016,2052.3201
2016-05-23,23may2016,2048.04
2016-05-24,24may2016,2076.0601
2016-05-25,25may2016,2090.54
2016-05-26,26may2016,2090.1001
2016-05-27,27may2016,2099.0601
2016-05-30,30may2016,
2016-05-31,31may2016,2096.96
2016-06-01,01jun2016,2099.3301
2016-06-02,02jun2016,2105.26
2016-06-03,03jun2016,2099.1299
2016-06-06,06jun2016,2109.4099
2016-06-07,07jun2016,2112.1299
2016-06-08,08jun2016,2119.1201
2016-06-09,09jun2016,2115.48
2016-06-10,10jun2016,2096.0701
2016-06-13,13jun2016,2079.0601
2016-06-14,14jun2016,2075.3201
2016-06-15,15jun2016,2071.5
2016-06-16,16jun2016,2077.99
2016-06-17,17jun2016,2071.22
2016-06-20,20jun2016,2083.25
2016-06-21,21jun2016,2088.8999
2016-06-22,22jun2016,2085.45
2016-06-23,23jun2016,2113.3201
2016-06-24,24jun2016,2037.41
2016-06-27,27jun2016,2000.54
2016-06-28,28jun2016,2036.09
2016-06-29,29jun2016,2070.77
2016-06-30,30jun2016,2098.8601
2016-07-01,01jul2016,2102.95
2016-07-04,04jul2016,
2016-07-05,05jul2016,2088.55
2016-07-06,06jul2016,2099.73
2016-07-07,07jul2016,2097.8999
2016-07-08,08jul2016,2129.8999
2016-07-11,11jul2016,2137.1599
2016-07-12,12jul2016,2152.1399
2016-07-13,13jul2016,2152.4299
2016-07-14,14jul2016,2163.75
2016-07-15,15jul2016,2161.74
2016-07-18,18jul2016,2166.8899
2016-07-19,19jul2016,2163.78
2016-07-20,20jul2016,2173.02
2016-07-21,21jul2016,2165.1699
2016-07-22,22jul2016,2175.03
2016-07-25,25jul2016,2168.48
2016-07-26,26jul2016,2169.1799
2016-07-27,27jul2016,2166.5801
2016-07-28,28jul2016,2170.0601
2016-07-29,29jul2016,2173.6001
2016-08-01,01aug2016,2170.8401
2016-08-02,02aug2016,2157.03
2016-08-03,03aug2016,2163.79
2016-08-04,04aug2016,2164.25
2016-08-05,05aug2016,2182.8701
2016-08-08,08aug2016,2180.8899
2016-08-09,09aug2016,2181.74
2016-08-10,10aug2016,2175.49
2016-08-11,11aug2016,2185.79
2016-08-12,12aug2016,2184.05
2016-08-15,15aug2016,2190.1499
2016-08-16,16aug2016,2178.1499
2016-08-17,17aug2016,2182.22
2016-08-18,18aug2016,2187.02
2016-08-19,19aug2016,2183.8701
2016-08-22,22aug2016,2182.6399
2016-08-23,23aug2016,2186.8999
2016-08-24,24aug2016,2175.4399
2016-08-25,25aug2016,2172.47
2016-08-26,26aug2016,2169.04
2016-08-29,29aug2016,2180.3799
2016-08-30,30aug2016,2176.1201
2016-08-31,31aug2016,2170.95
2016-09-01,01sep2016,2170.8601
2016-09-02,02sep2016,2179.98
2016-09-05,05sep2016,
2016-09-06,06sep2016,2186.48
2016-09-07,07sep2016,2186.1599
2016-09-08,08sep2016,2181.3
2016-09-09,09sep2016,2127.8101
2016-09-12,12sep2016,2159.04
2016-09-13,13sep2016,2127.02
2016-09-14,14sep2016,2125.77
2016-09-15,15sep2016,2147.26
2016-09-16,16sep2016,2139.1599
2016-09-19,19sep2016,2139.1201
2016-09-20,20sep2016,2139.76
2016-09-21,21sep2016,2163.1201
2016-09-22,22sep2016,2177.1799
2016-09-23,23sep2016,2164.6899
2016-09-26,26sep2016,2146.1001
2016-09-27,27sep2016,2159.9299
2016-09-28,28sep2016,2171.3701
2016-09-29,29sep2016,2151.1299
2016-09-30,30sep2016,2168.27
2016-10-03,03oct2016,2161.2
2016-10-04,04oct2016,2150.49
2016-10-05,05oct2016,2159.73
2016-10-06,06oct2016,2160.77
2016-10-07,07oct2016,2153.74
2016-10-10,10oct2016,2163.6599
2016-10-11,11oct2016,2136.73
2016-10-12,12oct2016,2139.1799
2016-10-13,13oct2016,2132.55
2016-10-14,14oct2016,2132.98
2016-10-17,17oct2016,2126.5
2016-10-18,18oct2016,2139.6001
2016-10-19,19oct2016,2144.29
2016-10-20,20oct2016,2141.3401
2016-10-21,21oct2016,2141.1599
2016-10-24,24oct2016,2151.3301
2016-10-25,25oct2016,2143.1599
2016-10-26,26oct2016,2139.4299
2016-10-27,27oct2016,2133.04
2016-10-28,28oct2016,2126.4099
2016-10-31,31oct2016,2126.1499
2016-11-01,01nov2016,2111.72
2016-11-02,02nov2016,2097.9399
2016-11-03,03nov2016,2088.6599
2016-11-04,04nov2016,2085.1799
2016-11-07,07nov2016,2131.52
2016-11-08,08nov2016,2139.5601
2016-11-09,09nov2016,2163.26
2016-11-10,10nov2016,2167.48
2016-11-11,11nov2016,2164.45
2016-11-14,14nov2016,2164.2
2016-11-15,15nov2016,2180.3899
2016-11-16,16nov2016,2176.9399
2016-11-17,17nov2016,2187.1201
2016-11-18,18nov2016,2181.8999
2016-11-21,21nov2016,2198.1799
2016-11-22,22nov2016,2202.9399
2016-11-23,23nov2016,2204.72
2016-11-24,24nov2016,
2016-11-25,25nov2016,2213.3501
2016-11-28,28nov2016,2201.72
2016-11-29,29nov2016,2204.6599
2016-11-30,30nov2016,2198.8101
2016-12-01,01dec2016,2191.0801
2016-12-02,02dec2016,2191.95
2016-12-05,05dec2016,2204.71
2016-12-06,06dec2016,2212.23
2016-12-07,07dec2016,2241.3501
2016-12-08,08dec2016,2246.1899
2016-12-09,09dec2016,2259.53
2016-12-12,12dec2016,2256.96
2016-12-13,13dec2016,2271.72
2016-12-14,14dec2016,2253.28
2016-12-15,15dec2016,2262.03
2016-12-16,16dec2016,2258.0701
2016-12-19,19dec2016,2262.53
2016-12-20,20dec2016,2270.76
2016-12-21,21dec2016,2265.1799
2016-12-22,22dec2016,2260.96
2016-12-23,23dec2016,2263.79
2016-12-26,26dec2016,
2016-12-27,27dec2016,2268.8799
2016-12-28,28dec2016,2249.9199
2016-12-29,29dec2016,2249.26
2016-12-30,30dec2016,2238.8301
2017-01-02,02jan2017,
2017-01-03,03jan2017,2257.8301
2017-01-04,04jan2017,2270.75
2017-01-05,05jan2017,2269
2017-01-06,06jan2017,2276.98
2017-01-09,09jan2017,2268.8999
2017-01-10,10jan2017,2268.8999
2017-01-11,11jan2017,2275.3201
2017-01-12,12jan2017,2270.4399
2017-01-13,13jan2017,2274.6399
2017-01-16,16jan2017,
2017-01-17,17jan2017,2267.8899
2017-01-18,18jan2017,2271.8899
2017-01-19,19jan2017,2263.6899
2017-01-20,20jan2017,2271.3101
2017-01-23,23jan2017,2265.2
2017-01-24,24jan2017,2280.0701
2017-01-25,25jan2017,2298.3701
2017-01-26,26jan2017,2296.6799
2017-01-27,27jan2017,2294.6899
2017-01-30,30jan2017,2280.8999
2017-01-31,31jan2017,2278.8701
2017-02-01,01feb2017,2279.55
2017-02-02,02feb2017,2280.8501
2017-02-03,03feb2017,2297.4199
2017-02-06,06feb2017,2292.5601
2017-02-07,07feb2017,2293.0801
2017-02-08,08feb2017,2294.6699
2017-02-09,09feb2017,2307.8701
2017-02-10,10feb2017,2316.1001
2017-02-13,13feb2017,2328.25
2017-02-14,14feb2017,2337.5801
2017-02-15,15feb2017,2349.25
2017-02-16,16feb2017,2347.22
2017-02-17,17feb2017,2351.1599
2017-02-20,20feb2017,
2017-02-21,21feb2017,2365.3799
2017-02-22,22feb2017,2362.8201
2017-02-23,23feb2017,2363.8101
2017-02-24,24feb2017,2367.3401
2017-02-27,27feb2017,2369.75
2017-02-28,28feb2017,2363.6399
2017-03-01,01mar2017,2395.96
2017-03-02,02mar2017,2381.9199
2017-03-03,03mar2017,2383.1201
2017-03-06,06mar2017,2375.3101
2017-03-07,07mar2017,2368.3899
2017-03-08,08mar2017,2362.98
2017-03-09,09mar2017,2364.8701
2017-03-10,10mar2017,2372.6001
2017-03-13,13mar2017,2373.47
2017-03-14,14mar2017,2365.45
2017-03-15,15mar2017,2385.26
2017-03-16,16mar2017,2381.3799
2017-03-17,17mar2017,2378.25
2017-03-20,20mar2017,2373.47
2017-03-21,21mar2017,2344.02
2017-03-22,22mar2017,2348.45
2017-03-23,23mar2017,2345.96
2017-03-24,24mar2017,2343.98
2017-03-27,27mar2017,2341.5901
2017-03-28,28mar2017,2358.5701
2017-03-29,29mar2017,2361.1299
2017-03-30,30mar2017,2368.0601
2017-03-31,31mar2017,2362.72
2017-04-03,03apr2017,2358.8401
2017-04-04,04apr2017,2360.1599
2017-04-05,05apr2017,2352.95
2017-04-06,06apr2017,2357.49
2017-04-07,07apr2017,2355.54
2017-04-10,10apr2017,2357.1599
2017-04-11,11apr2017,2353.78
2017-04-12,12apr2017,2344.9299
2017-04-13,13apr2017,2328.95
2017-04-14,14apr2017,
2017-04-17,17apr2017,2349.01
2017-04-18,18apr2017,2342.1899
2017-04-19,19apr2017,2338.1699
2017-04-20,20apr2017,2355.8401
2017-04-21,21apr2017,2348.6899
2017-04-24,24apr2017,2374.1499
2017-04-25,25apr2017,2388.6101
2017-04-26,26apr2017,2387.45
2017-04-27,27apr2017,2388.77
2017-04-28,28apr2017,2384.2
2017-05-01,01may2017,2388.3301
2017-05-02,02may2017,2391.1699
2017-05-03,03may2017,2388.1299
2017-05-04,04may2017,2389.52
2017-05-05,05may2017,2399.29
2017-05-08,08may2017,2399.3799
2017-05-09,09may2017,2396.9199
2017-05-10,10may2017,2399.6299
2017-05-11,11may2017,2394.4399
2017-05-12,12may2017,2390.8999
2017-05-15,15may2017,2402.3201
2017-05-16,16may2017,2400.6699
2017-05-17,17may2017,2357.03
2017-05-18,18may2017,2365.72
2017-05-19,19may2017,2381.73
2017-05-22,22may2017,2394.02
2017-05-23,23may2017,2398.4199
2017-05-24,24may2017,2404.3899
2017-05-25,25may2017,2415.0701
2017-05-26,26may2017,2415.8201
2017-05-29,29may2017,
2017-05-30,30may2017,2412.9099
2017-05-31,31may2017,2411.8
2017-06-01,01jun2017,2430.0601
2017-06-02,02jun2017,2439.0701
2017-06-05,05jun2017,2436.1001
2017-06-06,06jun2017,2429.3301
2017-06-07,07jun2017,2433.1399
2017-06-08,08jun2017,2433.79
2017-06-09,09jun2017,2431.77
2017-06-12,12jun2017,2429.3899
2017-06-13,13jun2017,2440.3501
2017-06-14,14jun2017,2437.9199
2017-06-15,15jun2017,2432.46
2017-06-16,16jun2017,2433.1499
2017-06-19,19jun2017,2453.46
2017-06-20,20jun2017,2437.03
2017-06-21,21jun2017,2435.6101
2017-06-22,22jun2017,2434.5
2017-06-23,23jun2017,2438.3
2017-06-26,26jun2017,2439.0701
2017-06-27,27jun2017,2419.3799
2017-06-28,28jun2017,2440.6899
2017-06-29,29jun2017,2419.7
2017-06-30,30jun2017,2423.4099
2017-07-03,03jul2017,2429.01
2017-07-04,04jul2017,
2017-07-05,05jul2017,2432.54
2017-07-06,06jul2017,2409.75
2017-07-07,07jul2017,2425.1799
2017-07-10,10jul2017,2427.4299
2017-07-11,11jul2017,2425.53
2017-07-12,12jul2017,2443.25
2017-07-13,13jul2017,2447.8301
2017-07-14,14jul2017,2459.27
2017-07-17,17jul2017,2459.1399
2017-07-18,18jul2017,2460.6101
2017-07-19,19jul2017,2473.8301
2017-07-20,20jul2017,2473.45
2017-07-21,21jul2017,2472.54
2017-07-24,24jul2017,2469.9099
2017-07-25,25jul2017,2477.1299
2017-07-26,26jul2017,2477.8301
2017-07-27,27jul2017,2475.4199
2017-07-28,28jul2017,2472.1001
2017-07-31,31jul2017,2470.3
2017-08-01,01aug2017,2476.3501
2017-08-02,02aug2017,2477.5701
2017-08-03,03aug2017,2472.1599
2017-08-04,04aug2017,2476.8301
2017-08-07,07aug2017,2480.9099
2017-08-08,08aug2017,2474.9199
2017-08-09,09aug2017,2474.02
2017-08-10,10aug2017,2438.21
2017-08-11,11aug2017,2441.3201
2017-08-14,14aug2017,2465.8401
2017-08-15,15aug2017,2464.6101
2017-08-16,16aug2017,2468.1101
2017-08-17,17aug2017,2430.01
2017-08-18,18aug2017,2425.55
2017-08-21,21aug2017,2428.3701
2017-08-22,22aug2017,2452.51
2017-08-23,23aug2017,2444.04
2017-08-24,24aug2017,2438.97
2017-08-25,25aug2017,2443.05
2017-08-28,28aug2017,2444.24
2017-08-29,29aug2017,2446.3
2017-08-30,30aug2017,2457.5901
2017-08-31,31aug2017,2471.6499
2017-09-01,01sep2017,2476.55
2017-09-04,04sep2017,
2017-09-05,05sep2017,2457.8501
2017-09-06,06sep2017,2465.54
2017-09-07,07sep2017,2465.1001
2017-09-08,08sep2017,2461.4299
2017-09-11,11sep2017,2488.1101
2017-09-12,12sep2017,2496.48
2017-09-13,13sep2017,2498.3701
2017-09-14,14sep2017,2495.6201
2017-09-15,15sep2017,2500.23
2017-09-18,18sep2017,2503.8701
2017-09-19,19sep2017,2506.6499
2017-09-20,20sep2017,2508.24
2017-09-21,21sep2017,2500.6001
2017-09-22,22sep2017,2502.22
2017-09-25,25sep2017,2496.6599
2017-09-26,26sep2017,2496.8401
2017-09-27,27sep2017,2507.04
2017-09-28,28sep2017,2510.0601
2017-09-29,29sep2017,2519.3601
2017-10-02,02oct2017,2529.1201
2017-10-03,03oct2017,2534.5801
2017-10-04,04oct2017,2537.74
2017-10-05,05oct2017,2552.0701
2017-10-06,06oct2017,2549.3301
2017-10-09,09oct2017,2544.73
2017-10-10,10oct2017,2550.6399
2017-10-11,11oct2017,2555.24
2017-10-12,12oct2017,2550.9299
2017-10-13,13oct2017,2553.1699
2017-10-16,16oct2017,2557.6399
2017-10-17,17oct2017,2559.3601
2017-10-18,18oct2017,2561.26
2017-10-19,19oct2017,2562.1001
2017-10-20,20oct2017,2575.21
2017-10-23,23oct2017,2564.98
2017-10-24,24oct2017,2569.1299
2017-10-25,25oct2017,2557.1499
2017-10-26,26oct2017,2560.3999
2017-10-27,27oct2017,2581.0701
2017-10-30,30oct2017,2572.8301
2017-10-31,31oct2017,2575.26
2017-11-01,01nov2017,2579.3601
2017-11-02,02nov2017,2579.8501
2017-11-03,03nov2017,2587.8401
2017-11-06,06nov2017,2591.1299
2017-11-07,07nov2017,2590.6399
2017-11-08,08nov2017,2594.3799
2017-11-09,09nov2017,2584.6201
2017-11-10,10nov2017,2582.3
2017-11-13,13nov2017,2584.8401
2017-11-14,14nov2017,2578.8701
2017-11-15,15nov2017,2564.6201
2017-11-16,16nov2017,2585.6399
2017-11-17,17nov2017,2578.8501
2017-11-20,20nov2017,2582.1399
2017-11-21,21nov2017,2599.03
2017-11-22,22nov2017,2597.0801
2017-11-23,23nov2017,
2017-11-24,24nov2017,2602.4199
2017-11-27,27nov2017,2601.4199
2017-11-28,28nov2017,2627.04
2017-11-29,29nov2017,2626.0701
2017-11-30,30nov2017,2647.5801
2017-12-01,01dec2017,2642.22
2017-12-04,04dec2017,2639.4399
2017-12-05,05dec2017,2629.5701
2017-12-06,06dec2017,2629.27
2017-12-07,07dec2017,2636.98
2017-12-08,08dec2017,2651.5
2017-12-11,11dec2017,2659.99
2017-12-12,12dec2017,2664.1101
2017-12-13,13dec2017,2662.8501
2017-12-14,14dec2017,2652.01
2017-12-15,15dec2017,2675.8101
2017-12-18,18dec2017,2690.1599
2017-12-19,19dec2017,2681.47
2017-12-20,20dec2017,2679.25
2017-12-21,21dec2017,2684.5701
2017-12-22,22dec2017,2683.3401
2017-12-25,25dec2017,
2017-12-26,26dec2017,2680.5
2017-12-27,27dec2017,2682.6201
2017-12-28,28dec2017,2687.54
2017-12-29,29dec2017,2673.6101
2018-01-01,01jan2018,
2018-01-02,02jan2018,2695.8101
2018-01-03,03jan2018,2713.0601
2018-01-04,04jan2018,2723.99
2018-01-05,05jan2018,2743.1499
2018-01-08,08jan2018,2747.71
2018-01-09,09jan2018,2751.29
2018-01-10,10jan2018,2748.23
2018-01-11,11jan2018,2767.5601
2018-01-12,12jan2018,2786.24
2018-01-15,15jan2018,
2018-01-16,16jan2018,2776.4199
2018-01-17,17jan2018,2802.5601
2018-01-18,18jan2018,2798.03
2018-01-19,19jan2018,2810.3
2018-01-22,22jan2018,2832.97
2018-01-23,23jan2018,2839.1299
2018-01-24,24jan2018,2837.54
2018-01-25,25jan2018,2839.25
2018-01-26,26jan2018,2872.8701
2018-01-29,29jan2018,2853.53
2018-01-30,30jan2018,2822.4299
2018-01-31,31jan2018,2823.8101
2018-02-01,01feb2018,2821.98
2018-02-02,02feb2018,2762.1299
2018-02-05,05feb2018,2648.9399
2018-02-06,06feb2018,2695.1399
2018-02-07,07feb2018,2681.6599
2018-02-08,08feb2018,2581
2018-02-09,09feb2018,2619.55
2018-02-12,12feb2018,2656
2018-02-13,13feb2018,2662.9399
2018-02-14,14feb2018,2698.6299
2018-02-15,15feb2018,2731.2
2018-02-16,16feb2018,2732.22
2018-02-19,19feb2018,
2018-02-20,20feb2018,2716.26
2018-02-21,21feb2018,2701.3301
2018-02-22,22feb2018,2703.96
2018-02-23,23feb2018,2747.3
2018-02-26,26feb2018,2779.6001
2018-02-27,27feb2018,2744.28
2018-02-28,28feb2018,2713.8301
2018-03-01,01mar2018,2677.6699
2018-03-02,02mar2018,2691.25
2018-03-05,05mar2018,2720.9399
2018-03-06,06mar2018,2728.1201
2018-03-07,07mar2018,2726.8
2018-03-08,08mar2018,2738.97
2018-03-09,09mar2018,2786.5701
2018-03-12,12mar2018,2783.02
2018-03-13,13mar2018,2765.3101
2018-03-14,14mar2018,2749.48
2018-03-15,15mar2018,2747.3301
2018-03-16,16mar2018,2752.01
2018-03-19,19mar2018,2712.9199
2018-03-20,20mar2018,2716.9399
2018-03-21,21mar2018,2711.9299
2018-03-22,22mar2018,2643.6899
2018-03-23,23mar2018,2588.26
2018-03-26,26mar2018,2658.55
2018-03-27,27mar2018,2612.6201
2018-03-28,28mar2018,2605
2018-03-29,29mar2018,2640.8701
2018-03-30,30mar2018,
2018-04-02,02apr2018,2581.8799
2018-04-03,03apr2018,2614.45
2018-04-04,04apr2018,2644.6899
2018-04-05,05apr2018,2662.8401
2018-04-06,06apr2018,2604.47
2018-04-09,09apr2018,2613.1599
2018-04-10,10apr2018,2656.8701
2018-04-11,11apr2018,2642.1899
2018-04-12,12apr2018,2663.99
2018-04-13,13apr2018,2656.3
2018-04-16,16apr2018,2677.8401
2018-04-17,17apr2018,2706.3899
2018-04-18,18apr2018,2708.6399
2018-04-19,19apr2018,2693.1299
2018-04-20,20apr2018,2670.1399
2018-04-23,23apr2018,2670.29
2018-04-24,24apr2018,2634.5601
2018-04-25,25apr2018,2639.3999
2018-04-26,26apr2018,2666.9399
2018-04-27,27apr2018,2669.9099
2018-04-30,30apr2018,2648.05
2018-05-01,01may2018,2654.8
2018-05-02,02may2018,2635.6699
2018-05-03,03may2018,2629.73
2018-05-04,04may2018,2663.4199
2018-05-07,07may2018,2672.6299
2018-05-08,08may2018,2671.9199
2018-05-09,09may2018,2697.79
2018-05-10,10may2018,2723.0701
2018-05-11,11may2018,2727.72
2018-05-14,14may2018,2730.1299
2018-05-15,15may2018,2711.45
2018-05-16,16may2018,2722.46
2018-05-17,17may2018,2720.1299
2018-05-18,18may2018,2712.97
2018-05-21,21may2018,2733.01
2018-05-22,22may2018,2724.4399
2018-05-23,23may2018,2733.29
2018-05-24,24may2018,2727.76
2018-05-25,25may2018,2721.3301
2018-05-28,28may2018,
2018-05-29,29may2018,2689.8601
2018-05-30,30may2018,2724.01
2018-05-31,31may2018,2705.27
2018-06-01,01jun2018,2734.6201
2018-06-04,04jun2018,2746.8701
2018-06-05,05jun2018,2748.8
2018-06-06,06jun2018,2772.3501
2018-06-07,07jun2018,2770.3701
2018-06-08,08jun2018,2779.03
2018-06-11,11jun2018,2782
2018-06-12,12jun2018,2786.8501
2018-06-13,13jun2018,2775.6299
2018-06-14,14jun2018,2782.49
2018-06-15,15jun2018,2779.6599
2018-06-18,18jun2018,2773.75
2018-06-19,19jun2018,2762.5901
2018-06-20,20jun2018,2767.3201
2018-06-21,21jun2018,2749.76
2018-06-22,22jun2018,2754.8799
2018-06-25,25jun2018,2717.0701
2018-06-26,26jun2018,2723.0601
2018-06-27,27jun2018,2699.6299
2018-06-28,28jun2018,2716.3101
2018-06-29,29jun2018,2718.3701
2018-07-02,02jul2018,2726.71
2018-07-03,03jul2018,2713.22
2018-07-04,04jul2018,
2018-07-05,05jul2018,2736.6101
2018-07-06,06jul2018,2759.8201
2018-07-09,09jul2018,2784.1699
2018-07-10,10jul2018,2793.8401
2018-07-11,11jul2018,2774.02
2018-07-12,12jul2018,2798.29
2018-07-13,13jul2018,2801.3101
2018-07-16,16jul2018,2798.4299
2018-07-17,17jul2018,2809.55
2018-07-18,18jul2018,2815.6201
2018-07-19,19jul2018,2804.49
2018-07-20,20jul2018,2801.8301
2018-07-23,23jul2018,2806.98
2018-07-24,24jul2018,2820.3999
2018-07-25,25jul2018,2846.0701
2018-07-26,26jul2018,2837.4399
2018-07-27,27jul2018,2818.8201
2018-07-30,30jul2018,2802.6001
2018-07-31,31jul2018,2816.29
2018-08-01,01aug2018,2813.3601
2018-08-02,02aug2018,2827.22
2018-08-03,03aug2018,2840.3501
2018-08-06,06aug2018,2850.3999
2018-08-07,07aug2018,2858.45
2018-08-08,08aug2018,2857.7
2018-08-09,09aug2018,2853.5801
2018-08-10,10aug2018,2833.28
2018-08-13,13aug2018,2821.9299
2018-08-14,14aug2018,2839.96
2018-08-15,15aug2018,2818.3701
2018-08-16,16aug2018,2840.6899
2018-08-17,17aug2018,2850.1299
2018-08-20,20aug2018,2857.05
2018-08-21,21aug2018,2862.96
2018-08-22,22aug2018,2861.8201
2018-08-23,23aug2018,2856.98
2018-08-24,24aug2018,2874.6899
2018-08-27,27aug2018,2896.74
2018-08-28,28aug2018,2897.52
2018-08-29,29aug2018,2914.04
2018-08-30,30aug2018,2901.1299
2018-08-31,31aug2018,2901.52
2018-09-03,03sep2018,
2018-09-04,04sep2018,2896.72
2018-09-05,05sep2018,2888.6001
2018-09-06,06sep2018,2878.05
2018-09-07,07sep2018,2871.6799
2018-09-10,10sep2018,2877.1299
2018-09-11,11sep2018,2887.8899
2018-09-12,12sep2018,2888.9199
2018-09-13,13sep2018,2904.1799
2018-09-14,14sep2018,2904.98
2018-09-17,17sep2018,2888.8
2018-09-18,18sep2018,2904.3101
2018-09-19,19sep2018,2907.95
2018-09-20,20sep2018,2930.75
2018-09-21,21sep2018,2929.6699
2018-09-24,24sep2018,2919.3701
2018-09-25,25sep2018,2915.5601
2018-09-26,26sep2018,2905.97
2018-09-27,27sep2018,2914
2018-09-28,28sep2018,2913.98
2018-10-01,01oct2018,2924.5901
2018-10-02,02oct2018,2923.4299
2018-10-03,03oct2018,2925.51
2018-10-04,04oct2018,2901.6101
2018-10-05,05oct2018,2885.5701
2018-10-08,08oct2018,2884.4299
2018-10-09,09oct2018,2880.3401
2018-10-10,10oct2018,2785.6799
2018-10-11,11oct2018,2728.3701
2018-10-12,12oct2018,2767.1299
2018-10-15,15oct2018,2750.79
2018-10-16,16oct2018,2809.9199
2018-10-17,17oct2018,2809.21
2018-10-18,18oct2018,2768.78
2018-10-19,19oct2018,2767.78
2018-10-22,22oct2018,2755.8799
2018-10-23,23oct2018,2740.6899
2018-10-24,24oct2018,2656.1001
2018-10-25,25oct2018,2705.5701
2018-10-26,26oct2018,2658.6899
2018-10-29,29oct2018,2641.25
2018-10-30,30oct2018,2682.6299
2018-10-31,31oct2018,2711.74
2018-11-01,01nov2018,2740.3701
2018-11-02,02nov2018,2723.0601
2018-11-05,05nov2018,2738.3101
2018-11-06,06nov2018,2755.45
2018-11-07,07nov2018,2813.8899
2018-11-08,08nov2018,2806.8301
2018-11-09,09nov2018,2781.01
2018-11-12,12nov2018,2726.22
2018-11-13,13nov2018,2722.1799
2018-11-14,14nov2018,2701.5801
2018-11-15,15nov2018,2730.2
2018-11-16,16nov2018,2736.27
2018-11-19,19nov2018,2690.73
2018-11-20,20nov2018,2641.8899
2018-11-21,21nov2018,2649.9299
2018-11-22,22nov2018,
2018-11-23,23nov2018,2632.5601
2018-11-26,26nov2018,2673.45
2018-11-27,27nov2018,2682.1699
2018-11-28,28nov2018,2743.79
2018-11-29,29nov2018,2737.76
2018-11-30,30nov2018,2760.1699
2018-12-03,03dec2018,2790.3701
2018-12-04,04dec2018,2700.0601
2018-12-05,05dec2018,
2018-12-06,06dec2018,2695.95
2018-12-07,07dec2018,2633.0801
2018-12-10,10dec2018,2637.72
2018-12-11,11dec2018,2636.78
2018-12-12,12dec2018,2651.0701
2018-12-13,13dec2018,2650.54
2018-12-14,14dec2018,2599.95
2018-12-17,17dec2018,2545.9399
2018-12-18,18dec2018,2546.1599
2018-12-19,19dec2018,2506.96
2018-12-20,20dec2018,2467.4199
2018-12-21,21dec2018,2416.6201
2018-12-24,24dec2018,2351.1001
2018-12-25,25dec2018,
2018-12-26,26dec2018,2467.7
2018-12-27,27dec2018,2488.8301
2018-12-28,28dec2018,2485.74
2018-12-31,31dec2018,2506.8501
2019-01-01,01jan2019,
2019-01-02,02jan2019,2510.03
2019-01-03,03jan2019,2447.8899
2019-01-04,04jan2019,2531.9399
2019-01-07,07jan2019,2549.6899
2019-01-08,08jan2019,2574.4099
2019-01-09,09jan2019,2584.96
2019-01-10,10jan2019,2596.6399
2019-01-11,11jan2019,2596.26
2019-01-14,14jan2019,2582.6101
2019-01-15,15jan2019,2610.3
2019-01-16,16jan2019,2616.1001
2019-01-17,17jan2019,2635.96
2019-01-18,18jan2019,2670.71
2019-01-21,21jan2019,
2019-01-22,22jan2019,2632.8999
2019-01-23,23jan2019,2638.7
2019-01-24,24jan2019,2642.3301
2019-01-25,25jan2019,2664.76
2019-01-28,28jan2019,2643.8501
2019-01-29,29jan2019,2640
2019-01-30,30jan2019,2681.05
2019-01-31,31jan2019,2704.1001
2019-02-01,01feb2019,2706.53
2019-02-04,04feb2019,2724.8701
2019-02-05,05feb2019,2737.7
2019-02-06,06feb2019,2731.6101
2019-02-07,07feb2019,2706.05
2019-02-08,08feb2019,2707.8799
2019-02-11,11feb2019,2709.8
2019-02-12,12feb2019,2744.73
2019-02-13,13feb2019,2753.03
2019-02-14,14feb2019,2745.73
2019-02-15,15feb2019,2775.6001
2019-02-18,18feb2019,
2019-02-19,19feb2019,2779.76
2019-02-20,20feb2019,2784.7
2019-02-21,21feb2019,2774.8799
2019-02-22,22feb2019,2792.6699
2019-02-25,25feb2019,2796.1101
2019-02-26,26feb2019,2793.8999
2019-02-27,27feb2019,2792.3799
2019-02-28,28feb2019,2784.49
2019-03-01,01mar2019,2803.6899
2019-03-04,04mar2019,2792.8101
2019-03-05,05mar2019,2789.6499
2019-03-06,06mar2019,2771.45
2019-03-07,07mar2019,2748.9299
2019-03-08,08mar2019,2743.0701
2019-03-11,11mar2019,2783.3
2019-03-12,12mar2019,2791.52
2019-03-13,13mar2019,2810.9199
2019-03-14,14mar2019,2808.48
2019-03-15,15mar2019,2822.48
2019-03-18,18mar2019,2832.9399
2019-03-19,19mar2019,2832.5701
2019-03-20,20mar2019,2824.23
2019-03-21,21mar2019,2854.8799
2019-03-22,22mar2019,2800.71
2019-03-25,25mar2019,2798.3601
2019-03-26,26mar2019,2818.46
2019-03-27,27mar2019,2805.3701
2019-03-28,28mar2019,2815.4399
2019-03-29,29mar2019,2834.3999
2019-04-01,01apr2019,2867.1899
2019-04-02,02apr2019,2867.24
2019-04-03,03apr2019,2873.3999
2019-04-04,04apr2019,2879.3899
2019-04-05,05apr2019,2892.74
2019-04-08,08apr2019,2895.77
2019-04-09,09apr2019,2878.2
2019-04-10,10apr2019,2888.21
2019-04-11,11apr2019,2888.3201
2019-04-12,12apr2019,2907.4099
2019-04-15,15apr2019,2905.5801
2019-04-16,16apr2019,2907.0601
2019-04-17,17apr2019,2900.45
2019-04-18,18apr2019,2905.03
2019-04-19,19apr2019,
2019-04-22,22apr2019,2907.97
2019-04-23,23apr2019,2933.6799
2019-04-24,24apr2019,2927.25
2019-04-25,25apr2019,2926.1699
2019-04-26,26apr2019,2939.8799
2019-04-29,29apr2019,2943.03
2019-04-30,30apr2019,2945.8301
2019-05-01,01may2019,2923.73
2019-05-02,02may2019,2917.52
2019-05-03,03may2019,2945.6399
2019-05-06,06may2019,2932.47
2019-05-07,07may2019,2884.05
2019-05-08,08may2019,2879.4199
2019-05-09,09may2019,2870.72
2019-05-10,10may2019,2881.3999
2019-05-13,13may2019,2811.8701
2019-05-14,14may2019,2834.4099
2019-05-15,15may2019,2850.96
2019-05-16,16may2019,2876.3201
2019-05-17,17may2019,2859.53
2019-05-20,20may2019,2840.23
2019-05-21,21may2019,2864.3601
2019-05-22,22may2019,2856.27
2019-05-23,23may2019,2822.24
2019-05-24,24may2019,2826.0601
2019-05-27,27may2019,
2019-05-28,28may2019,2802.3899
2019-05-29,29may2019,2783.02
2019-05-30,30may2019,2788.8601
2019-05-31,31may2019,2752.0601
2019-06-03,03jun2019,2744.45
2019-06-04,04jun2019,2803.27
2019-06-05,05jun2019,2826.1499
2019-06-06,06jun2019,2843.49
2019-06-07,07jun2019,2873.3401
2019-06-10,10jun2019,2886.73
2019-06-11,11jun2019,2885.72
2019-06-12,12jun2019,2879.8401
2019-06-13,13jun2019,2891.6399
2019-06-14,14jun2019,2886.98
2019-06-17,17jun2019,2889.6699
2019-06-18,18jun2019,2917.75
2019-06-19,19jun2019,2926.46
2019-06-20,20jun2019,2954.1799
2019-06-21,21jun2019,2950.46
2019-06-24,24jun2019,2945.3501
2019-06-25,25jun2019,2917.3799
2019-06-26,26jun2019,2913.78
2019-06-27,27jun2019,2924.9199
2019-06-28,28jun2019,2941.76
2019-07-01,01jul2019,2964.3301
2019-07-02,02jul2019,2973.01
2019-07-03,03jul2019,2995.8201
2019-07-04,04jul2019,
2019-07-05,05jul2019,2990.4099
2019-07-08,08jul2019,2975.95
2019-07-09,09jul2019,2979.6299
2019-07-10,10jul2019,2993.0701
2019-07-11,11jul2019,2999.9099
2019-07-12,12jul2019,3013.77
2019-07-15,15jul2019,3014.3
2019-07-16,16jul2019,3004.04
2019-07-17,17jul2019,2984.4199
2019-07-18,18jul2019,2995.1101
2019-07-19,19jul2019,2976.6101
2019-07-22,22jul2019,2985.03
2019-07-23,23jul2019,3005.47
2019-07-24,24jul2019,3019.5601
2019-07-25,25jul2019,3003.6699
2019-07-26,26jul2019,3025.8601
2019-07-29,29jul2019,3020.97
2019-07-30,30jul2019,3013.1799
2019-07-31,31jul2019,2980.3799
2019-08-01,01aug2019,2953.5601
2019-08-02,02aug2019,2932.05
2019-08-05,05aug2019,2844.74
2019-08-06,06aug2019,2881.77
2019-08-07,07aug2019,2883.98
2019-08-08,08aug2019,2938.0901
2019-08-09,09aug2019,2918.6499
2019-08-12,12aug2019,2883.75
2019-08-13,13aug2019,2926.3201
2019-08-14,14aug2019,2840.6001
2019-08-15,15aug2019,2847.6001
2019-08-16,16aug2019,2888.6799
2019-08-19,19aug2019,2923.6499
2019-08-20,20aug2019,2900.51
2019-08-21,21aug2019,2924.4299
2019-08-22,22aug2019,2922.95
2019-08-23,23aug2019,2847.1101
2019-08-26,26aug2019,2878.3799
2019-08-27,27aug2019,2869.1599
2019-08-28,28aug2019,2887.9399
2019-08-29,29aug2019,2924.5801
2019-08-30,30aug2019,2926.46
2019-09-02,02sep2019,
2019-09-03,03sep2019,2906.27
2019-09-04,04sep2019,2937.78
2019-09-05,05sep2019,2976
2019-09-06,06sep2019,2978.71
2019-09-09,09sep2019,2978.4299
2019-09-10,10sep2019,2979.3899
2019-09-11,11sep2019,3000.9299
2019-09-12,12sep2019,3009.5701
2019-09-13,13sep2019,3007.3899
2019-09-16,16sep2019,2997.96
2019-09-17,17sep2019,3005.7
2019-09-18,18sep2019,3006.73
2019-09-19,19sep2019,3006.79
2019-09-20,20sep2019,2992.0701
2019-09-23,23sep2019,2991.78
2019-09-24,24sep2019,2966.6001
2019-09-25,25sep2019,2984.8701
2019-09-26,26sep2019,2977.6201
2019-09-27,27sep2019,2961.79
2019-09-30,30sep2019,2976.74
2019-10-01,01oct2019,2940.25
2019-10-02,02oct2019,2887.6101
2019-10-03,03oct2019,2910.6299
2019-10-04,04oct2019,2952.01
2019-10-07,07oct2019,2938.79
2019-10-08,08oct2019,2893.0601
2019-10-09,09oct2019,2919.3999
2019-10-10,10oct2019,2938.1299
2019-10-11,11oct2019,2970.27
2019-10-14,14oct2019,2966.1499
2019-10-15,15oct2019,2995.6799
2019-10-16,16oct2019,2989.6899
2019-10-17,17oct2019,2997.95
2019-10-18,18oct2019,2986.2
2019-10-21,21oct2019,3006.72
2019-10-22,22oct2019,2995.99
2019-10-23,23oct2019,3004.52
2019-10-24,24oct2019,3010.29
2019-10-25,25oct2019,3022.55
2019-10-28,28oct2019,3039.4199
2019-10-29,29oct2019,3036.8899
2019-10-30,30oct2019,3046.77
2019-10-31,31oct2019,3037.5601
2019-11-01,01nov2019,3066.9099
2019-11-04,04nov2019,3078.27
2019-11-05,05nov2019,3074.6201
2019-11-06,06nov2019,3076.78
2019-11-07,07nov2019,3085.1799
2019-11-08,08nov2019,3093.0801
2019-11-11,11nov2019,3087.01
2019-11-12,12nov2019,3091.8401
2019-11-13,13nov2019,3094.04
2019-11-14,14nov2019,3096.6299
2019-11-15,15nov2019,3120.46
2019-11-18,18nov2019,3122.03
2019-11-19,19nov2019,3120.1799
2019-11-20,20nov2019,3108.46
2019-11-21,21nov2019,3103.54
2019-11-22,22nov2019,3110.29
2019-11-25,25nov2019,3133.6399
2019-11-26,26nov2019,3140.52
2019-11-27,27nov2019,3153.6299
2019-11-28,28nov2019,
2019-11-29,29nov2019,3140.98
2019-12-02,02dec2019,3113.8701
2019-12-03,03dec2019,3093.2
2019-12-04,04dec2019,3112.76
2019-12-05,05dec2019,3117.4299
2019-12-06,06dec2019,3145.9099
2019-12-09,09dec2019,3135.96
2019-12-10,10dec2019,3132.52
2019-12-11,11dec2019,3141.6299
2019-12-12,12dec2019,3168.5701
2019-12-13,13dec2019,3168.8
2019-12-16,16dec2019,3191.45
2019-12-17,17dec2019,3192.52
2019-12-18,18dec2019,3191.1399
2019-12-19,19dec2019,3205.3701
2019-12-20,20dec2019,3221.22
2019-12-23,23dec2019,3224.01
2019-12-24,24dec2019,3223.3799
2019-12-25,25dec2019,
2019-12-26,26dec2019,3239.9099
2019-12-27,27dec2019,3240.02
2019-12-30,30dec2019,3221.29
2019-12-31,31dec2019,3230.78
2020-01-01,01jan2020,
2020-01-02,02jan2020,3257.8501
2020-01-03,03jan2020,3234.8501
2020-01-06,06jan2020,3246.28
2020-01-07,07jan2020,3237.1799
2020-01-08,08jan2020,3253.05
2020-01-09,09jan2020,3274.7
2020-01-10,10jan2020,3265.3501
2020-01-13,13jan2020,3288.1299
2020-01-14,14jan2020,3283.1499
2020-01-15,15jan2020,3289.29
2020-01-16,16jan2020,3316.8101
2020-01-17,17jan2020,3329.6201
2020-01-20,20jan2020,
2020-01-21,21jan2020,3320.79
2020-01-22,22jan2020,3321.75
2020-01-23,23jan2020,3325.54
2020-01-24,24jan2020,3295.47
2020-01-27,27jan2020,3243.6299
2020-01-28,28jan2020,3276.24
2020-01-29,29jan2020,3273.3999
2020-01-30,30jan2020,3283.6599
2020-01-31,31jan2020,3225.52
2020-02-03,03feb2020,3248.9199
2020-02-04,04feb2020,3297.5901
2020-02-05,05feb2020,3334.6899
2020-02-06,06feb2020,3345.78
2020-02-07,07feb2020,3327.71
2020-02-10,10feb2020,3352.0901
2020-02-11,11feb2020,3357.75
2020-02-12,12feb2020,3379.45
2020-02-13,13feb2020,3373.9399
2020-02-14,14feb2020,3380.1599
2020-02-17,17feb2020,
2020-02-18,18feb2020,3370.29
2020-02-19,19feb2020,3386.1499
2020-02-20,20feb2020,3373.23
2020-02-21,21feb2020,3337.75
2020-02-24,24feb2020,3225.8899
2020-02-25,25feb2020,3128.21
2020-02-26,26feb2020,3116.3899
2020-02-27,27feb2020,2978.76
2020-02-28,28feb2020,2954.22
2020-03-02,02mar2020,3090.23
2020-03-03,03mar2020,3003.3701
2020-03-04,04mar2020,3130.1201
2020-03-05,05mar2020,3023.9399
2020-03-06,06mar2020,2972.3701
2020-03-09,09mar2020,2746.5601
2020-03-10,10mar2020,2882.23
2020-03-11,11mar2020,2741.3799
2020-03-12,12mar2020,2480.6399
2020-03-13,13mar2020,2711.02
2020-03-16,16mar2020,2386.1299
2020-03-17,17mar2020,2529.1899
2020-03-18,18mar2020,2398.1001
2020-03-19,19mar2020,2409.3899
2020-03-20,20mar2020,2304.9199
2020-03-23,23mar2020,2237.3999
2020-03-24,24mar2020,2447.3301
2020-03-25,25mar2020,2475.5601
2020-03-26,26mar2020,2630.0701
2020-03-27,27mar2020,2541.47
2020-03-30,30mar2020,2626.6499
2020-03-31,31mar2020,2584.5901
2020-04-01,01apr2020,2470.5
2020-04-02,02apr2020,2526.8999
2020-04-03,03apr2020,2488.6499
2020-04-06,06apr2020,2663.6799
2020-04-07,07apr2020,2659.4099
2020-04-08,08apr2020,2749.98
2020-04-09,09apr2020,2789.8201
2020-04-10,10apr2020,
2020-04-13,13apr2020,2761.6299
2020-04-14,14apr2020,2846.0601
2020-04-15,15apr2020,2783.3601
2020-04-16,16apr2020,2799.55
2020-04-17,17apr2020,2874.5601
2020-04-20,20apr2020,2823.1599
2020-04-21,21apr2020,2736.5601
2020-04-22,22apr2020,2799.3101
2020-04-23,23apr2020,2797.8
2020-04-24,24apr2020,2836.74
2020-04-27,27apr2020,2878.48
2020-04-28,28apr2020,2863.3899
2020-04-29,29apr2020,2939.51
2020-04-30,30apr2020,2912.4299
2020-05-01,01may2020,2830.71
2020-05-04,04may2020,2842.74
2020-05-05,05may2020,2868.4399
2020-05-06,06may2020,2848.4199
2020-05-07,07may2020,2881.1899
2020-05-08,08may2020,2929.8
2020-05-11,11may2020,2930.3201
2020-05-12,12may2020,2870.1201
2020-05-13,13may2020,2820
2020-05-14,14may2020,2852.5
2020-05-15,15may2020,2863.7
2020-05-18,18may2020,2953.9099
2020-05-19,19may2020,2922.9399
2020-05-20,20may2020,2971.6101
2020-05-21,21may2020,2948.51
2020-05-22,22may2020,2955.45
2020-05-25,25may2020,
2020-05-26,26may2020,2991.77
2020-05-27,27may2020,3036.1299
2020-05-28,28may2020,3029.73
2020-05-29,29may2020,3044.3101
2020-06-01,01jun2020,3055.73
2020-06-02,02jun2020,3080.8201
2020-06-03,03jun2020,3122.8701
2020-06-04,04jun2020,3112.3501
2020-06-05,05jun2020,3193.9299
2020-06-08,08jun2020,3232.3899
2020-06-09,09jun2020,3207.1799
2020-06-10,10jun2020,3190.1399
2020-06-11,11jun2020,3002.1001
2020-06-12,12jun2020,3041.3101
2020-06-15,15jun2020,3066.5901
2020-06-16,16jun2020,3124.74
2020-06-17,17jun2020,3113.49
2020-06-18,18jun2020,3115.3401
2020-06-19,19jun2020,3097.74
2020-06-22,22jun2020,3117.8601
2020-06-23,23jun2020,3131.29
2020-06-24,24jun2020,3050.3301
2020-06-25,25jun2020,3083.76
2020-06-26,26jun2020,3009.05
2020-06-29,29jun2020,3053.24
2020-06-30,30jun2020,3100.29
2020-07-01,01jul2020,3115.8601
2020-07-02,02jul2020,3130.01
2020-07-03,03jul2020,
2020-07-06,06jul2020,3179.72
2020-07-07,07jul2020,3145.3201
2020-07-08,08jul2020,3169.9399
2020-07-09,09jul2020,3152.05
2020-07-10,10jul2020,3185.04
2020-07-13,13jul2020,3155.22
2020-07-14,14jul2020,3197.52
2020-07-15,15jul2020,3226.5601
2020-07-16,16jul2020,3215.5701
2020-07-17,17jul2020,3224.73
2020-07-20,20jul2020,3251.8401
2020-07-21,21jul2020,3257.3
2020-07-22,22jul2020,3276.02
2020-07-23,23jul2020,3235.6599
2020-07-24,24jul2020,3215.6299
2020-07-27,27jul2020,3239.4099
2020-07-28,28jul2020,3218.4399
2020-07-29,29jul2020,3258.4399
2020-07-30,30jul2020,3246.22
2020-07-31,31jul2020,3271.1201
2020-08-03,03aug2020,3294.6101
2020-08-04,04aug2020,3306.51
2020-08-05,05aug2020,3327.77
2020-08-06,06aug2020,3349.1599
2020-08-07,07aug2020,3351.28
2020-08-10,10aug2020,3360.47
2020-08-11,11aug2020,3333.6899
2020-08-12,12aug2020,3380.3501
2020-08-13,13aug2020,3373.4299
2020-08-14,14aug2020,3372.8501
2020-08-17,17aug2020,3381.99
2020-08-18,18aug2020,3389.78
2020-08-19,19aug2020,3374.8501
2020-08-20,20aug2020,3385.51
2020-08-21,21aug2020,3397.1599
2020-08-24,24aug2020,3431.28
2020-08-25,25aug2020,3443.6201
2020-08-26,26aug2020,3478.73
2020-08-27,27aug2020,3484.55
2020-08-28,28aug2020,3508.01
2020-08-31,31aug2020,3500.3101
2020-09-01,01sep2020,3526.6499
2020-09-02,02sep2020,3580.8401
2020-09-03,03sep2020,3455.0601
2020-09-04,04sep2020,3426.96
2020-09-07,07sep2020,
2020-09-08,08sep2020,3331.8401
2020-09-09,09sep2020,3398.96
2020-09-10,10sep2020,3339.1899
2020-09-11,11sep2020,3340.97
2020-09-14,14sep2020,3383.54
2020-09-15,15sep2020,3401.2
2020-09-16,16sep2020,3385.49
2020-09-17,17sep2020,3357.01
2020-09-18,18sep2020,3319.47
2020-09-21,21sep2020,3281.0601
2020-09-22,22sep2020,3315.5701
2020-09-23,23sep2020,3236.9199
2020-09-24,24sep2020,3246.5901
2020-09-25,25sep2020,3298.46
2020-09-28,28sep2020,3351.6001
2020-09-29,29sep2020,3335.47
2020-09-30,30sep2020,3363
2020-10-01,01oct2020,3380.8
2020-10-02,02oct2020,3348.4399
2020-10-05,05oct2020,3408.6299
2020-10-06,06oct2020,3360.95
2020-10-07,07oct2020,3419.45
2020-10-08,08oct2020,3446.8301
2020-10-09,09oct2020,3477.1299
2020-10-12,12oct2020,3534.22
2020-10-13,13oct2020,3511.9299
2020-10-14,14oct2020,3488.6699
2020-10-15,15oct2020,3483.3401
2020-10-16,16oct2020,3483.8101
2020-10-19,19oct2020,3426.9199
2020-10-20,20oct2020,3443.1201
2020-10-21,21oct2020,3435.5601
2020-10-22,22oct2020,3453.49
2020-10-23,23oct2020,3465.3899
2020-10-26,26oct2020,3400.97
2020-10-27,27oct2020,3390.6799
2020-10-28,28oct2020,3271.03
2020-10-29,29oct2020,3310.1101
2020-10-30,30oct2020,3269.96
2020-11-02,02nov2020,3310.24
2020-11-03,03nov2020,3369.1599
2020-11-04,04nov2020,3443.4399
2020-11-05,05nov2020,3510.45
2020-11-06,06nov2020,3509.4399
2020-11-09,09nov2020,3550.5
2020-11-10,10nov2020,3545.53
2020-11-11,11nov2020,3572.6599
2020-11-12,12nov2020,3537.01
2020-11-13,13nov2020,3585.1499
2020-11-16,16nov2020,3626.9099
2020-11-17,17nov2020,3609.53
2020-11-18,18nov2020,3567.79
2020-11-19,19nov2020,3581.8701
2020-11-20,20nov2020,3557.54
2020-11-23,23nov2020,3577.5901
2020-11-24,24nov2020,3635.4099
2020-11-25,25nov2020,3629.6499
2020-11-26,26nov2020,
2020-11-27,27nov2020,3638.3501
2020-11-30,30nov2020,3621.6299
2020-12-01,01dec2020,3662.45
2020-12-02,02dec2020,3669.01
2020-12-03,03dec2020,3666.72
2020-12-04,04dec2020,3699.1201
2020-12-07,07dec2020,3691.96
2020-12-08,08dec2020,3702.25
2020-12-09,09dec2020,3672.8201
2020-12-10,10dec2020,3668.1001
2020-12-11,11dec2020,3663.46
2020-12-14,14dec2020,3647.49
2020-12-15,15dec2020,3694.6201
2020-12-16,16dec2020,3701.1699
2020-12-17,17dec2020,3722.48
2020-12-18,18dec2020,3709.4099
2020-12-21,21dec2020,3694.9199
2020-12-22,22dec2020,3687.26
2020-12-23,23dec2020,3690.01
2020-12-24,24dec2020,3703.0601
2020-12-25,25dec2020,
2020-12-28,28dec2020,3735.3601
2020-12-29,29dec2020,3727.04
2020-12-30,30dec2020,3732.04
2020-12-31,31dec2020,3756.0701
2021-01-01,01jan2021,
2021-01-04,04jan2021,3700.6499
2021-01-05,05jan2021,3726.8601
2021-01-06,06jan2021,3748.1399
2021-01-07,07jan2021,3803.79
2021-01-08,08jan2021,3824.6799
2021-01-11,11jan2021,3799.6101
2021-01-12,12jan2021,3801.1899
2021-01-13,13jan2021,3809.8401
2021-01-14,14jan2021,3795.54
2021-01-15,15jan2021,3768.25
2021-01-18,18jan2021,
2021-01-19,19jan2021,3798.9099
2021-01-20,20jan2021,3851.8501
2021-01-21,21jan2021,3853.0701
2021-01-22,22jan2021,3841.47
2021-01-25,25jan2021,3855.3601
2021-01-26,26jan2021,3849.6201
2021-01-27,27jan2021,3750.77
2021-01-28,28jan2021,3787.3799
2021-01-29,29jan2021,3714.24
2021-02-01,01feb2021,3773.8601
2021-02-02,02feb2021,3826.3101
2021-02-03,03feb2021,3830.1699
2021-02-04,04feb2021,3871.74
2021-02-05,05feb2021,3886.8301
2021-02-08,08feb2021,3915.5901
2021-02-09,09feb2021,3911.23
2021-02-10,10feb2021,3909.8799
2021-02-11,11feb2021,3916.3799
2021-02-12,12feb2021,3934.8301
2021-02-15,15feb2021,
2021-02-16,16feb2021,3932.5901
2021-02-17,17feb2021,3931.3301
2021-02-18,18feb2021,3913.97
2021-02-19,19feb2021,3906.71
2021-02-22,22feb2021,3876.5
2021-02-23,23feb2021,3881.3701
2021-02-24,24feb2021,3925.4299
2021-02-25,25feb2021,3829.3401
2021-02-26,26feb2021,3811.1499
2021-03-01,01mar2021,3901.8201
2021-03-02,02mar2021,3870.29
2021-03-03,03mar2021,3819.72
2021-03-04,04mar2021,3768.47
2021-03-05,05mar2021,3841.9399
2021-03-08,08mar2021,3821.3501
2021-03-09,09mar2021,3875.4399
2021-03-10,10mar2021,3898.8101
2021-03-11,11mar2021,3939.3401
2021-03-12,12mar2021,3943.3401
2021-03-15,15mar2021,3968.9399
2021-03-16,16mar2021,3962.71
2021-03-17,17mar2021,3974.1201
2021-03-18,18mar2021,3915.46
2021-03-19,19mar2021,3913.1001
2021-03-22,22mar2021,3940.5901
2021-03-23,23mar2021,3910.52
2021-03-24,24mar2021,3889.1399
2021-03-25,25mar2021,3909.52
2021-03-26,26mar2021,3974.54
2021-03-29,29mar2021,3971.0901
2021-03-30,30mar2021,3958.55
2021-03-31,31mar2021,3972.8899
2021-04-01,01apr2021,4019.8701
2021-04-02,02apr2021,
2021-04-05,05apr2021,4077.9099
2021-04-06,06apr2021,4073.9399
2021-04-07,07apr2021,4079.95
2021-04-08,08apr2021,4097.1699
2021-04-09,09apr2021,4128.7998
2021-04-12,12apr2021,4127.9902
2021-04-13,13apr2021,4141.5898
2021-04-14,14apr2021,4124.6602
2021-04-15,15apr2021,4170.4199
2021-04-16,16apr2021,4185.4702
2021-04-19,19apr2021,4163.2598
2021-04-20,20apr2021,4134.9399
2021-04-21,21apr2021,4173.4199
2021-04-22,22apr2021,4134.98
2021-04-23,23apr2021,4180.1699
2021-04-26,26apr2021,4187.6201
2021-04-27,27apr2021,4186.7202
2021-04-28,28apr2021,4183.1802
2021-04-29,29apr2021,4211.4702
2021-04-30,30apr2021,4181.1699
2021-05-03,03may2021,4192.6602
2021-05-04,04may2021,4164.6602
2021-05-05,05may2021,4167.5898
2021-05-06,06may2021,4201.6201
2021-05-07,07may2021,4232.6001
2021-05-10,10may2021,4188.4302
2021-05-11,11may2021,4152.1001
2021-05-12,12may2021,4063.04
2021-05-13,13may2021,4112.5
2021-05-14,14may2021,4173.8501
2021-05-17,17may2021,4163.29
2021-05-18,18may2021,4127.8301
2021-05-19,19may2021,4115.6802
2021-05-20,20may2021,4159.1201
2021-05-21,21may2021,4155.8599
2021-05-24,24may2021,4197.0498
2021-05-25,25may2021,4188.1299
2021-05-26,26may2021,4195.9902
2021-05-27,27may2021,4200.8799
2021-05-28,28may2021,4204.1099
2021-05-31,31may2021,
2021-06-01,01jun2021,4202.04
2021-06-02,02jun2021,4208.1201
2021-06-03,03jun2021,4192.8501
2021-06-04,04jun2021,4229.8901
2021-06-07,07jun2021,4226.52
2021-06-08,08jun2021,4227.2598
2021-06-09,09jun2021,4219.5498
2021-06-10,10jun2021,4239.1802
2021-06-11,11jun2021,4247.4399
2021-06-14,14jun2021,4255.1499
2021-06-15,15jun2021,4246.5898
2021-06-16,16jun2021,4223.7002
2021-06-17,17jun2021,4221.8599
2021-06-18,18jun2021,4166.4502
2021-06-21,21jun2021,4224.79
2021-06-22,22jun2021,4246.4399
2021-06-23,23jun2021,4241.8398
2021-06-24,24jun2021,4266.4902
2021-06-25,25jun2021,4280.7002
2021-06-28,28jun2021,4290.6099
2021-06-29,29jun2021,4291.7998
2021-06-30,30jun2021,4297.5
2021-07-01,01jul2021,4319.9399
2021-07-02,02jul2021,4352.3398
2021-07-05,05jul2021,
2021-07-06,06jul2021,4343.54
2021-07-07,07jul2021,4358.1299
2021-07-08,08jul2021,4320.8198
2021-07-09,09jul2021,4369.5498
2021-07-12,12jul2021,4384.6299
2021-07-13,13jul2021,4369.21
2021-07-14,14jul2021,4374.2998
2021-07-15,15jul2021,4360.0298
2021-07-16,16jul2021,4327.1602
2021-07-19,19jul2021,4258.4902
2021-07-20,20jul2021,4323.0601
2021-07-21,21jul2021,4358.6899
2021-07-22,22jul2021,4367.48
2021-07-23,23jul2021,4411.79
2021-07-26,26jul2021,4422.2998
2021-07-27,27jul2021,4401.46
2021-07-28,28jul2021,4400.6401
2021-07-29,29jul2021,4419.1499
2021-07-30,30jul2021,4395.2598
2021-08-02,02aug2021,4387.1602
2021-08-03,03aug2021,4423.1499
2021-08-04,04aug2021,4402.6602
2021-08-05,05aug2021,4429.1001
2021-08-06,06aug2021,4436.52
2021-08-09,09aug2021,4432.3501
2021-08-10,10aug2021,4436.75
2021-08-11,11aug2021,4447.7002
2021-08-12,12aug2021,4460.8301
2021-08-13,13aug2021,4468
2021-08-16,16aug2021,4479.71
2021-08-17,17aug2021,4448.0801
2021-08-18,18aug2021,4400.27
2021-08-19,19aug2021,4405.7998
2021-08-20,20aug2021,4441.6699
2021-08-23,23aug2021,4479.5298
2021-08-24,24aug2021,4486.23
2021-08-25,25aug2021,4496.1899
2021-08-26,26aug2021,4470
2021-08-27,27aug2021,4509.3701
2021-08-30,30aug2021,4528.79
2021-08-31,31aug2021,4522.6802
2021-09-01,01sep2021,4524.0898
2021-09-02,02sep2021,4536.9502
2021-09-03,03sep2021,4535.4302
2021-09-06,06sep2021,
2021-09-07,07sep2021,4520.0298
2021-09-08,08sep2021,4514.0698
2021-09-09,09sep2021,4493.2798
2021-09-10,10sep2021,4458.5801
2021-09-13,13sep2021,4468.73
2021-09-14,14sep2021,4443.0498
2021-09-15,15sep2021,4480.7002
2021-09-16,16sep2021,4473.75
2021-09-17,17sep2021,4432.9902
2021-09-20,20sep2021,4357.73
2021-09-21,21sep2021,4354.1899
2021-09-22,22sep2021,4395.6401
2021-09-23,23sep2021,4448.98
2021-09-24,24sep2021,4455.48
2021-09-27,27sep2021,4443.1099
2021-09-28,28sep2021,4352.6299
2021-09-29,29sep2021,4359.46
2021-09-30,30sep2021,4307.54
2021-10-01,01oct2021,4357.04
2021-10-04,04oct2021,4300.46
2021-10-05,05oct2021,4345.7202
2021-10-06,06oct2021,4363.5498
2021-10-07,07oct2021,4399.7598
2021-10-08,08oct2021,4391.3398
2021-10-11,11oct2021,4361.1899
2021-10-12,12oct2021,4350.6499
2021-10-13,13oct2021,4363.7998
2021-10-14,14oct2021,4438.2598
2021-10-15,15oct2021,4471.3701
2021-10-18,18oct2021,4486.46
2021-10-19,19oct2021,4519.6299
2021-10-20,20oct2021,4536.1899
2021-10-21,21oct2021,4549.7798
2021-10-22,22oct2021,4544.8999
2021-10-25,25oct2021,4566.48
2021-10-26,26oct2021,4574.79
2021-10-27,27oct2021,4551.6802
2021-10-28,28oct2021,4596.4199
2021-10-29,29oct2021,4605.3799
2021-11-01,01nov2021,4613.6699
2021-11-02,02nov2021,4630.6499
2021-11-03,03nov2021,4660.5698
2021-11-04,04nov2021,4680.0601
2021-11-05,05nov2021,4697.5298
2021-11-08,08nov2021,4701.7002
2021-11-09,09nov2021,4685.25
2021-11-10,10nov2021,4646.71
2021-11-11,11nov2021,4649.27
2021-11-12,12nov2021,4682.8501
2021-11-15,15nov2021,4682.7998
2021-11-16,16nov2021,4700.8999
2021-11-17,17nov2021,4688.6699
2021-11-18,18nov2021,4704.54
2021-11-19,19nov2021,4697.96
2021-11-22,22nov2021,4682.9399
2021-11-23,23nov2021,4690.7002
2021-11-24,24nov2021,4701.46
2021-11-25,25nov2021,
2021-11-26,26nov2021,4594.6201
2021-11-29,29nov2021,4655.27
2021-11-30,30nov2021,4567
2021-12-01,01dec2021,4513.04
2021-12-02,02dec2021,4577.1001
2021-12-03,03dec2021,4538.4302
2021-12-06,06dec2021,4591.6699
2021-12-07,07dec2021,4686.75
2021-12-08,08dec2021,4701.21
2021-12-09,09dec2021,4667.4502
2021-12-10,10dec2021,4712.02
2021-12-13,13dec2021,4668.9702
2021-12-14,14dec2021,4634.0898
2021-12-15,15dec2021,4709.8501
2021-12-16,16dec2021,4668.6699
2021-12-17,17dec2021,4620.6401
2021-12-20,20dec2021,4568.02
2021-12-21,21dec2021,4649.23
2021-12-22,22dec2021,4696.5601
2021-12-23,23dec2021,4725.79
2021-12-24,24dec2021,
2021-12-27,27dec2021,4791.1899
2021-12-28,28dec2021,4786.3501
2021-12-29,29dec2021,4793.0601
2021-12-30,30dec2021,4778.73
2021-12-31,31dec2021,4766.1802
2022-01-03,03jan2022,4796.5601
2022-01-04,04jan2022,4793.54
2022-01-05,05jan2022,4700.5801
2022-01-06,06jan2022,4696.0498
2022-01-07,07jan2022,4677.0298
2022-01-10,10jan2022,4670.29
2022-01-11,11jan2022,4713.0698
2022-01-12,12jan2022,4726.3501
2022-01-13,13jan2022,4659.0298
2022-01-14,14jan2022,4662.8501
2022-01-17,17jan2022,
2022-01-18,18jan2022,4577.1099
2022-01-19,19jan2022,4532.7598
2022-01-20,20jan2022,4482.73
2022-01-21,21jan2022,4397.9399
2022-01-24,24jan2022,4410.1299
2022-01-25,25jan2022,4356.4502
2022-01-26,26jan2022,4349.9302
2022-01-27,27jan2022,4326.5098
2022-01-28,28jan2022,4431.8501
2022-01-31,31jan2022,4515.5498
2022-02-01,01feb2022,4546.54
2022-02-02,02feb2022,4589.3799
2022-02-03,03feb2022,4477.4399
2022-02-04,04feb2022,4500.5298
2022-02-07,07feb2022,4483.8701
2022-02-08,08feb2022,4521.54
2022-02-09,09feb2022,4587.1802
2022-02-10,10feb2022,4504.0801
2022-02-11,11feb2022,4418.6401
2022-02-14,14feb2022,4401.6699
2022-02-15,15feb2022,4471.0698
2022-02-16,16feb2022,4475.0098
2022-02-17,17feb2022,4380.2598
2022-02-18,18feb2022,4348.8701
2022-02-21,21feb2022,
2022-02-22,22feb2022,4304.7598
2022-02-23,23feb2022,4225.5
2022-02-24,24feb2022,4288.7002
2022-02-25,25feb2022,4384.6499
2022-02-28,28feb2022,4373.9399
2022-03-01,01mar2022,4306.2598
2022-03-02,02mar2022,4386.54
2022-03-03,03mar2022,4363.4902
2022-03-04,04mar2022,4328.8701
2022-03-07,07mar2022,4201.0898
2022-03-08,08mar2022,4170.7002
2022-03-09,09mar2022,4277.8799
2022-03-10,10mar2022,4259.52
2022-03-11,11mar2022,4204.3101
2022-03-14,14mar2022,4173.1099
2022-03-15,15mar2022,4262.4502
2022-03-16,16mar2022,4357.8599
2022-03-17,17mar2022,4411.6699
2022-03-18,18mar2022,4463.1201
2022-03-21,21mar2022,4461.1802
2022-03-22,22mar2022,4511.6099
2022-03-23,23mar2022,4456.2402
2022-03-24,24mar2022,4520.1602
2022-03-25,25mar2022,4543.0601
2022-03-28,28mar2022,4575.52
2022-03-29,29mar2022,4631.6001
2022-03-30,30mar2022,4602.4502
2022-03-31,31mar2022,4530.4102
2022-04-01,01apr2022,4545.8599
